station_id,wgs84_latitude,wgs84_longitude,road_name,suburb,post_code,device_type,quality_rating,year
100001,-33.878181,150.924942,Cambridge Street,Canley Heights,2166,Tirtl,4,2025
10011,-33.876652,151.230606,New South Head Road,Edgecliff,2027,Tirtl,4,2025
22001,-33.825577,151.233261,Military Road,Mosman,2088,Excel Lpl,4,2025
23067,-33.934475,151.15831,Marsh Street,Arncliffe,2205,Excel Ll,4,2025
29005,-33.824696,151.093216,Concord Road,Rhodes,2138,Tirtl,5,2025
32029,-33.821175,151.149902,Burns Bay Road,Lane Cove West,2066,Excel Lpl,4,2025
33014,-33.806141,151.17952,Pacific Highway,Lane Cove North,2066,Excel Lpl,4,2025
34016,-33.778187,151.267136,Condamine Street,Manly Vale,2093,Excel Ll,4,2025
47024,-33.83889,151.029022,Parramatta Road,Auburn,2144,Tirtl,4,2025
50240,-33.796436,150.987595,Briens Road,Northmead,2152,Tirtl,4,2025
50250,-33.797592,150.975433,Hart Drive,Constitution Hill,2145,Excel Lpl,4,2025
50260,-33.819763,151.05188,Silverwater Road,Rydalmere,2116,Tirtl,4,2025
51235,-33.81551,151.101105,Victoria Road,Ryde,2112,Tirtl,4,2025
53003,-33.729225,151.122208,Pacific Highway,Warrawee,2074,Tirtl,5,2025
53004,-33.75317,151.151077,Pacific Highway,Gordon,2072,Tirtl,4,2025
55049,-33.729507,151.30011,Pittwater Road,Collaroy,2097,Tirtl,5,2025
57025,-33.725773,151.219788,Forest Way,Belrose,2085,Excel Lpl,5,2025
6105,-33.437302,149.929047,Great Western Highway,Meadow Flat,2795,Tirtl,4,2025
6107,-33.424236,149.665482,Sydney Road,Raglan,2795,Tirtl,4,2025
6109,-34.820808,149.599777,Federal Highway,Yarra,2580,Tirtl,5,2025
6110,-34.912457,149.442764,Federal Highway,Collector,2581,Tirtl,5,2025
6113,-36.210968,149.154999,Monaro Highway,Cooma,2630,Tirtl,4,2025
6114,-35.975777,149.138184,Monaro Highway,Bredbo,2626,Tirtl,4,2025
6119-PR,-32.088028,152.405975,Pacific Highway,Nabiac,2312,Tirtl,5,2025
6120-PR,-31.968466,152.463989,Pacific Highway,Kiwarrak,2430,Tirtl,5,2025
6124,-31.105118,152.831375,Macleay Valley Way,South Kempsey,2440,Tirtl,4,2025
6126,-31.40626,152.820175,Pacific Highway,Blackmans Point,2444,Tirtl,5,2025
6145,-31.995474,148.579636,Newell Highway,Eumungerie,2822,Tirtl,4,2025
6146,-31.748741,148.641037,Newell Highway,Gilgandra,2827,Tirtl,4,2025
6147,-31.74824,148.641083,Newell Highway,Gilgandra,2827,Tirtl,4,2025
6148,-31.995008,148.579727,Newell Highway,Eumungerie,2822,Tirtl,4,2025
6149,-32.657825,148.199264,Newell Highway,Tomingley,2869,Tirtl,4,2025
6152,-32.657585,148.199356,Newell Highway,Tomingley,2869,Tirtl,4,2025
6167,-30.979286,150.307693,Oxley Highway,Gunnedah,2380,Tirtl,4,2025
6168,-31.063797,150.833038,Oxley Highway,Westdale,2340,Tirtl,4,2025
6194,-30.984961,150.768204,Oxley Highway,Bective,2340,Tirtl,4,2025
6196,-31.08548,152.871231,Pacific Highway,Verges Creek,2440,Tirtl,5,2025
6197,-31.08506,152.872116,Pacific Highway,Verges Creek,2440,Tirtl,5,2025
66249,-33.869324,150.963486,Fairfield Street,Fairfield East,2165,Tirtl,4,2025
68025,-33.816696,150.976623,Great Western Highway,South Wentworthville,2145,Tirtl,4,2025
7112,-33.843338,151.043411,Silverwater Road,Auburn,2144,Tirtl,5,2025
7119-PR,-33.817974,150.981827,Hawkesbury Road,Merrylands,2160,Tirtl,5,2025
7120,-33.886311,151.217911,South Dowling Street,Surry Hills,2010,Tirtl,5,2025
7121,-33.886032,151.218079,South Dowling Street,Surry Hills,2010,Tirtl,5,2025
7123-PR,-33.769588,150.768738,Pages Road,St Marys,2760,Tirtl,5,2025
7126,-34.035271,151.113007,Kingsway,Miranda,2228,Tirtl,5,2025
7132,-33.953056,151.137482,Princes Highway,Rockdale,2216,Tirtl,5,2025
7139,-33.876884,151.228683,New South Head Road,Darlinghurst,2010,Tirtl,5,2025
7150,-33.724922,150.977127,Showground Road,Castle Hill,2154,Tirtl,5,2025
7153,-33.8651123046875,151.041610717773,Olympic Drive,Lidcombe,2141,Tirtl,5,2025
7159,-33.888157,150.922974,Cambridge Street,Canley Heights,2166,Tirtl,5,2025
7161,-33.740406,151.060989,Pennant Hills Road,Pennant Hills,2120,Tirtl,5,2025
7162,-34.045811,151.133041,Kingsway,Woolooware,2230,Tirtl,5,2025
7163,-33.865181,151.171997,Victoria Road,Rozelle,2039,Tirtl,5,2025
7164,-33.81562,150.969238,Great Western Highway,South Wentworthville,2145,Tirtl,5,2025
7168,-33.798195,150.897125,Great Western Highway,Blacktown,2148,Tirtl,5,2025
7179,-33.817272,150.962784,Jersey Road,South Wentworthville,2145,Tirtl,5,2025
7184,-33.772957,151.135391,Ryde Road,West Pymble,2073,Tirtl,5,2025
72027,-33.740467,150.984421,Windsor Road,Baulkham Hills,2153,Tirtl,4,2025
7212,-32.92701,151.757919,Stewart Avenue,Hamilton East,2303,Tirtl,5,2025
7216,-34.425961,150.887421,Gladstone Avenue,Wollongong,2500,Tirtl,5,2025
7217,-34.449482,150.849564,Princes Highway,Unanderra,2526,Tirtl,5,2025
7220,-34.5301895141602,150.869140625,Windang Road,Windang,2528,Tirtl,5,2025
7248,-33.906151,151.040207,Stacey Street,Bankstown,2200,Tirtl,5,2025
7251,-33.874916,151.155319,City-West Link Road,Lilyfield,2040,Tirtl,5,2025
7270,-33.793304,151.119659,Lane Cove Road,North Ryde,2113,Tirtl,5,2025
7272,-33.916008,151.014008,Edgar Street,Bankstown,2200,Tirtl,5,2025
7274,-33.779202,150.814102,Great Western Highway,Minchinbury,2770,Tirtl,5,2025
7275,-33.894714,151.110962,Georges River Road,Croydon Park,2133,Tirtl,5,2025
7289,-32.906013,151.671356,Thomas Street,Wallsend,2287,Tirtl,5,2025
74228,-33.723019,151.036606,New Line Road,Cherrybrook,2126,Tirtl,5,2025
74229,-33.760658,151.07962,Beecroft Road,Cheltenham,2119,Excel Lpl,4,2025
74230,-33.724735,151.086151,Pennant Hills Road,Thornleigh,2120,Excel Pp,4,2025
9658,-33.79353,151.018829,Pennant Hills Road,Oatlands,2117,Tirtl,5,2025
9827,-33.719955,151.298111,Pittwater Road,Narrabeen,2101,Tirtl,5,2025
9834-PR,-34.033203,151.092529,Kingsway,Miranda,2228,Tirtl,5,2025
9836-PR,-33.819687,151.117416,Victoria Road,Ryde,2112,Tirtl,5,2025
9849,-33.877975,151.093185,The Boulevarde,Strathfield,2135,Tirtl,5,2025
F3FWY001,-33.694206,151.121323,Pacific Motorway,North Wahroonga,2076,Tirtl,5,2025
F3FWY002,-33.651676,151.137741,Pacific Motorway,Mount Kuring-Gai,2080,Tirtl,4,2025
F3FWY003,-33.560299,151.192551,Pacific Motorway,Cowan,2081,Tirtl,5,2025
F3FWY004,-33.496265,151.187408,Pacific Motorway,Bar Point,2083,Tirtl,4,2025
F3FWY005,-33.429348,151.22467,Pacific Motorway,Calga,2250,Tirtl,4,2025
F3FWY006,-33.395744,151.297058,Pacific Motorway,Somersby,2250,Tirtl,4,2025
HEXBUCHW-PR,-32.835659,151.538528,Hunter Expressway,Buchanan,2323,Tirtl,5,2025
HHW005,-34.786289,148.703384,Hume Highway,Bookham,2582,Tirtl,4,2025
HHW006,-34.836449,149.007996,Hume Highway,Manton,2582,Tirtl,4,2025
MOHVCS,-34.390652,150.858108,Mount Ousley Road Hvcs,Mount Keira,2500,Tirtl,4,2025
MUB001,-36.003071,146.003235,Melbourne Street,Mulwala,2647,Tirtl,4,2025
NNGSTC,-31.568691,147.209168,Mitchell Highway,Nyngan,2825,Tirtl,4,2025
PHSTC,-31.860619,152.600388,Pacific Highway,Jones Island,2430,Tirtl,4,2025
T0065,-34.702332,150.017639,Hume Highway Hvcs,Marulan,2579,Tirtl,5,2025
T0085,-33.665455,151.090271,Galston Road,Hornsby Heights,2077,Tirtl,5,2025
T0231,-33.838615,151.143753,Victoria Road,Huntleys Point,2111,Tirtl,5,2025
T0242,-31.568602,147.209,Mitchell Highway,Nyngan,2825,Tirtl,4,2025
T0274-PR,-34.704567,150.014954,Hume Highway,Marulan,2579,Tirtl,5,2025
T0284,-34.705681,150.013245,Hume Highway Hvcs,Marulan,2579,Tirtl,5,2025
T0288,-33.455536,151.205093,Pacific Motorway Hvcs,Mount White,2250,Tirtl,5,2025
T0289,-33.455235,151.205383,Pacific Motorway Hvcs,Mount White,2250,Tirtl,5,2025
T0290,-33.454796,151.205872,Pacific Motorway Hvcs,Mount White,2250,Tirtl,5,2025
T0294,-33.615574,150.272995,Great Western Highway Hvcs,Blackheath,2785,Tirtl,5,2025
T0295,-33.615974,150.273331,Great Western Highway Hvcs,Blackheath,2785,Tirtl,5,2025
T0296,-33.61628,150.273605,Great Western Highway Hvcs,Blackheath,2785,Tirtl,5,2025
T0297,-33.618145,150.274261,Great Western Highway Hvcs,Blackheath,2785,Tirtl,5,2025
T0298,-33.617626,150.274033,Great Western Highway Hvcs,Blackheath,2785,Tirtl,5,2025
T0299,-33.616905,150.273621,Great Western Highway Hvcs,Blackheath,2785,Tirtl,5,2025
T0337,-33.654926,151.060974,Galston Road,Galston,2159,Tirtl,5,2025
T0342,-33.65556,151.063828,Galston Road,Galston,2159,Tirtl,5,2025
T0345,-33.689632,151.097748,Galston Road,Hornsby,2077,Tirtl,5,2025
T0384,-33.511532,150.284225,Bells Line Of Road,Bell,2786,Tirtl,5,2025
T0479-PR,-33.454525,151.206726,Pacific Motorway,Mount White,2250,Tirtl,5,2025
T0482,-32.655415,151.853134,Pacific Highway,Twelve Mile Creek,2324,Tirtl,5,2025
T0485,-33.616264,150.273102,Great Western Highway Hvcs,Blackheath,2785,Tirtl,5,2025
T0494,-34.690311,149.999191,Jaorimin Road,Marulan,2579,Tirtl,5,2025
T0496,-34.706326,150.012497,Hume Highway Hvcs,Marulan,2579,Tirtl,5,2025
