station_id,timestamp,total_flow,lane_count,road_functional_hierarchy,distance_to_intersection,incident_id,is_major_incident,impact_sequence_hour,precipitation
100001,2025-10-21,184.0,TwoOrMoreLanes,Primary Road,80,NO_INCIDENT,0.0,-1.0,0.0
100001,2025-10-21,240.0,TwoOrMoreLanes,Primary Road,80,NO_INCIDENT,0.0,-1.0,0.0
23067,2025-10-21,20.0,TwoOrMoreLanes,Local Road,100,NO_INCIDENT,0.0,-1.0,0.0
23067,2025-10-21,201.0,TwoOrMoreLanes,Local Road,100,NO_INCIDENT,0.0,-1.0,0.0
29005,2025-10-21,58.0,TwoOrMoreLanes,Arterial Road,20,NO_INCIDENT,0.0,-1.0,0.0
29005,2025-10-21,669.0,TwoOrMoreLanes,Arterial Road,20,NO_INCIDENT,0.0,-1.0,0.0
34016,2025-10-21,0.0,TwoOrMoreLanes,Arterial Road,90,NO_INCIDENT,0.0,-1.0,0.0
34016,2025-10-21,50.0,TwoOrMoreLanes,Arterial Road,90,NO_INCIDENT,0.0,-1.0,0.0
47024,2025-10-21,39.0,TwoOrMoreLanes,Primary Road,30,NO_INCIDENT,0.0,-1.0,0.0
47024,2025-10-21,800.0,TwoOrMoreLanes,Primary Road,30,NO_INCIDENT,0.0,-1.0,0.0
50260,2025-10-21,40.0,TwoOrMoreLanes,Arterial Road,110,NO_INCIDENT,0.0,-1.0,0.0
50260,2025-10-21,339.0,TwoOrMoreLanes,Arterial Road,110,NO_INCIDENT,0.0,-1.0,0.0
53003,2025-10-21,36.0,TwoOrMoreLanes,Primary Road,10,NO_INCIDENT,0.0,-1.0,0.0
53003,2025-10-21,127.0,TwoOrMoreLanes,Primary Road,10,NO_INCIDENT,0.0,-1.0,0.0
53004,2025-10-21,60.0,TwoOrMoreLanes,Primary Road,40,NO_INCIDENT,0.0,-1.0,0.0
53004,2025-10-21,126.0,TwoOrMoreLanes,Primary Road,40,NO_INCIDENT,0.0,-1.0,0.0
55049,2025-10-21,14.0,TwoOrMoreLanes,Arterial Road,20,NO_INCIDENT,0.0,-1.0,0.0
55049,2025-10-21,47.0,TwoOrMoreLanes,Arterial Road,20,NO_INCIDENT,0.0,-1.0,0.0
57025,2025-10-21,2.0,TwoOrMoreLanes,Arterial Road,70,253250.0-webtirf,0.0,1.0,18.8075
57025,2025-10-21,2.0,TwoOrMoreLanes,Arterial Road,70,253250.0-webtirf,0.0,1.0,18.8075
57025,2025-10-21,2.0,TwoOrMoreLanes,Arterial Road,70,253250.0-webtirf,0.0,1.0,18.8075
57025,2025-10-21,2.0,TwoOrMoreLanes,Arterial Road,70,253250.0-webtirf,0.0,1.0,18.8075
57025,2025-10-21,2.0,TwoOrMoreLanes,Arterial Road,70,253250.0-webtirf,0.0,1.0,18.8075
57025,2025-10-21,2.0,TwoOrMoreLanes,Arterial Road,70,253250.0-webtirf,0.0,1.0,18.8075
57025,2025-10-21,2.0,TwoOrMoreLanes,Arterial Road,70,253250-webtirf,0.0,1.0,18.8075
57025,2025-10-21,2.0,TwoOrMoreLanes,Arterial Road,70,253250-webtirf,0.0,1.0,18.8075
57025,2025-10-21,2.0,TwoOrMoreLanes,Arterial Road,70,253250-webtirf,0.0,1.0,18.8075
57025,2025-10-21,2.0,TwoOrMoreLanes,Arterial Road,70,253250-webtirf,0.0,1.0,18.8075
57025,2025-10-21,2.0,TwoOrMoreLanes,Arterial Road,70,253250-webtirf,0.0,1.0,18.8075
57025,2025-10-21,2.0,TwoOrMoreLanes,Arterial Road,70,253250-webtirf,0.0,1.0,18.8075
57025,2025-10-21,12.0,TwoOrMoreLanes,Arterial Road,70,253250.0-webtirf,0.0,1.0,18.8075
57025,2025-10-21,12.0,TwoOrMoreLanes,Arterial Road,70,253250.0-webtirf,0.0,1.0,18.8075
57025,2025-10-21,12.0,TwoOrMoreLanes,Arterial Road,70,253250.0-webtirf,0.0,1.0,18.8075
57025,2025-10-21,12.0,TwoOrMoreLanes,Arterial Road,70,253250.0-webtirf,0.0,1.0,18.8075
57025,2025-10-21,12.0,TwoOrMoreLanes,Arterial Road,70,253250.0-webtirf,0.0,1.0,18.8075
57025,2025-10-21,12.0,TwoOrMoreLanes,Arterial Road,70,253250.0-webtirf,0.0,1.0,18.8075
57025,2025-10-21,12.0,TwoOrMoreLanes,Arterial Road,70,253250-webtirf,0.0,1.0,18.8075
57025,2025-10-21,12.0,TwoOrMoreLanes,Arterial Road,70,253250-webtirf,0.0,1.0,18.8075
57025,2025-10-21,12.0,TwoOrMoreLanes,Arterial Road,70,253250-webtirf,0.0,1.0,18.8075
57025,2025-10-21,12.0,TwoOrMoreLanes,Arterial Road,70,253250-webtirf,0.0,1.0,18.8075
57025,2025-10-21,12.0,TwoOrMoreLanes,Arterial Road,70,253250-webtirf,0.0,1.0,18.8075
57025,2025-10-21,12.0,TwoOrMoreLanes,Arterial Road,70,253250-webtirf,0.0,1.0,18.8075
66249,2025-10-21,8.0,TwoOrMoreLanes,Distributor Road,30,NO_INCIDENT,0.0,-1.0,0.0
66249,2025-10-21,140.0,TwoOrMoreLanes,Distributor Road,30,NO_INCIDENT,0.0,-1.0,0.0
7112,2025-10-21,18.0,TwoOrMoreLanes,Arterial Road,80,NO_INCIDENT,0.0,-1.0,0.0
7112,2025-10-21,160.0,TwoOrMoreLanes,Arterial Road,80,NO_INCIDENT,0.0,-1.0,0.0
7120,2025-10-21,12.0,TwoOrMoreLanes,Arterial Road,20,NO_INCIDENT,0.0,-1.0,0.0
7120,2025-10-21,93.0,TwoOrMoreLanes,Arterial Road,20,NO_INCIDENT,0.0,-1.0,0.0
7123-PR,2025-10-21,10.0,TwoOrMoreLanes,Distributor Road,10,NO_INCIDENT,0.0,-1.0,0.0
7123-PR,2025-10-21,147.0,TwoOrMoreLanes,Distributor Road,10,NO_INCIDENT,0.0,-1.0,0.0
7126,2025-10-21,6.0,TwoOrMoreLanes,Arterial Road,30,NO_INCIDENT,0.0,-1.0,0.0
7126,2025-10-21,16.0,TwoOrMoreLanes,Arterial Road,30,NO_INCIDENT,0.0,-1.0,0.0
7153,2025-10-21,35.0,TwoOrMoreLanes,Arterial Road,10,NO_INCIDENT,0.0,-1.0,0.0
7153,2025-10-21,115.0,TwoOrMoreLanes,Arterial Road,10,NO_INCIDENT,0.0,-1.0,0.0
7159,2025-10-21,32.0,TwoOrMoreLanes,Primary Road,10,NO_INCIDENT,0.0,-1.0,0.0
7159,2025-10-21,168.0,TwoOrMoreLanes,Primary Road,10,NO_INCIDENT,0.0,-1.0,0.0
7162,2025-10-21,11.0,TwoOrMoreLanes,Arterial Road,10,NO_INCIDENT,0.0,-1.0,0.0
7162,2025-10-21,50.0,TwoOrMoreLanes,Arterial Road,10,NO_INCIDENT,0.0,-1.0,0.0
7163,2025-10-21,12.0,OneLane,Motorway,20,NO_INCIDENT,0.0,-1.0,0.0
7163,2025-10-21,65.0,OneLane,Motorway,20,NO_INCIDENT,0.0,-1.0,0.0
7164,2025-10-21,31.0,TwoOrMoreLanes,Primary Road,20,NO_INCIDENT,0.0,-1.0,0.0
7164,2025-10-21,126.0,TwoOrMoreLanes,Primary Road,20,NO_INCIDENT,0.0,-1.0,0.0
7184,2025-10-21,25.0,TwoOrMoreLanes,Arterial Road,20,NO_INCIDENT,0.0,-1.0,0.0
7184,2025-10-21,142.0,TwoOrMoreLanes,Arterial Road,20,NO_INCIDENT,0.0,-1.0,0.0
72027,2025-10-21,5.0,TwoOrMoreLanes,Arterial Road,130,NO_INCIDENT,0.0,-1.0,0.0
72027,2025-10-21,120.0,TwoOrMoreLanes,Arterial Road,130,NO_INCIDENT,0.0,-1.0,0.0
7248,2025-10-21,53.0,TwoOrMoreLanes,Arterial Road,20,NO_INCIDENT,0.0,-1.0,0.0
7248,2025-10-21,137.0,TwoOrMoreLanes,Arterial Road,20,NO_INCIDENT,0.0,-1.0,0.0
7274,2025-10-21,23.0,TwoOrMoreLanes,Primary Road,20,NO_INCIDENT,0.0,-1.0,0.0
7274,2025-10-21,102.0,TwoOrMoreLanes,Primary Road,20,NO_INCIDENT,0.0,-1.0,0.0
74228,2025-10-21,12.0,TwoOrMoreLanes,Distributor Road,110,NO_INCIDENT,0.0,-1.0,0.0
74228,2025-10-21,76.0,TwoOrMoreLanes,Distributor Road,110,NO_INCIDENT,0.0,-1.0,0.0
74229,2025-10-21,6.0,TwoOrMoreLanes,Arterial Road,10,NO_INCIDENT,0.0,-1.0,0.0
74229,2025-10-21,64.0,TwoOrMoreLanes,Arterial Road,10,NO_INCIDENT,0.0,-1.0,0.0
74230,2025-10-21,7.0,TwoOrMoreLanes,Primary Road,20,NO_INCIDENT,0.0,-1.0,0.0
74230,2025-10-21,69.0,TwoOrMoreLanes,Primary Road,20,NO_INCIDENT,0.0,-1.0,0.0
9658,2025-10-21,25.0,TwoOrMoreLanes,Primary Road,80,NO_INCIDENT,0.0,-1.0,0.0
9658,2025-10-21,145.0,TwoOrMoreLanes,Primary Road,80,NO_INCIDENT,0.0,-1.0,0.0
9834-PR,2025-10-21,2.0,TwoOrMoreLanes,Arterial Road,10,NO_INCIDENT,0.0,-1.0,0.0
9834-PR,2025-10-21,25.0,TwoOrMoreLanes,Arterial Road,10,NO_INCIDENT,0.0,-1.0,0.0
9836-PR,2025-10-21,111.0,TwoOrMoreLanes,Arterial Road,70,NO_INCIDENT,0.0,-1.0,0.0
9836-PR,2025-10-21,196.0,TwoOrMoreLanes,Arterial Road,70,NO_INCIDENT,0.0,-1.0,0.0
9849,2025-10-21,45.0,TwoOrMoreLanes,Local Road,30,NO_INCIDENT,0.0,-1.0,0.0
9849,2025-10-21,80.0,TwoOrMoreLanes,Local Road,30,NO_INCIDENT,0.0,-1.0,0.0
F3FWY001,2025-10-21,123.0,TwoOrMoreLanes,Motorway,240,NO_INCIDENT,0.0,-1.0,0.0
F3FWY001,2025-10-21,134.0,TwoOrMoreLanes,Motorway,240,NO_INCIDENT,0.0,-1.0,0.0
F3FWY004,2025-10-21,35.0,TwoOrMoreLanes,Motorway,1730,NO_INCIDENT,0.0,-1.0,0.0
F3FWY004,2025-10-21,105.0,TwoOrMoreLanes,Motorway,1730,NO_INCIDENT,0.0,-1.0,0.0
F3FWY005,2025-10-21,77.0,TwoOrMoreLanes,Motorway,330,NO_INCIDENT,0.0,-1.0,0.0
F3FWY005,2025-10-21,121.0,TwoOrMoreLanes,Motorway,330,NO_INCIDENT,0.0,-1.0,0.0
T0085,2025-10-21,1.0,TwoOrMoreLanes,Arterial Road,280,NO_INCIDENT,0.0,-1.0,0.0
T0085,2025-10-21,11.0,TwoOrMoreLanes,Arterial Road,280,NO_INCIDENT,0.0,-1.0,0.0
T0231,2025-10-21,10.0,TwoOrMoreLanes,Arterial Road,130,NO_INCIDENT,0.0,-1.0,0.0
T0231,2025-10-21,98.0,TwoOrMoreLanes,Arterial Road,130,NO_INCIDENT,0.0,-1.0,0.0
T0337,2025-10-21,1.0,TwoOrMoreLanes,Arterial Road,210,NO_INCIDENT,0.0,-1.0,0.0
T0337,2025-10-21,6.0,TwoOrMoreLanes,Arterial Road,210,NO_INCIDENT,0.0,-1.0,0.0
T0342,2025-10-21,1.0,TwoOrMoreLanes,Arterial Road,70,NO_INCIDENT,0.0,-1.0,0.0
T0342,2025-10-21,16.0,TwoOrMoreLanes,Arterial Road,70,NO_INCIDENT,0.0,-1.0,0.0
T0345,2025-10-21,18.0,OneLane,Arterial Road,80,NO_INCIDENT,0.0,-1.0,0.0
T0345,2025-10-21,29.0,OneLane,Arterial Road,80,NO_INCIDENT,0.0,-1.0,0.0
T0479-PR,2025-10-21,77.0,TwoOrMoreLanes,Motorway,1010,NO_INCIDENT,0.0,-1.0,0.0
T0479-PR,2025-10-21,215.0,TwoOrMoreLanes,Motorway,1010,NO_INCIDENT,0.0,-1.0,0.0
