split_scheme,seed,feature_level,partition,class,precision,recall,f1_score,support
Grouped-random,42,A,train,NORMAL,0.6814749000444247,0.6111553784860557,0.6444024364629279,2510.0
Grouped-random,42,A,train,ACCIDENT,0.10979462875197472,0.39488636363636365,0.17181705809641531,352.0
Grouped-random,42,A,train,OTHER_DISRUPTION,0.24404761904761904,0.04981773997569866,0.08274470232088799,823.0
Grouped-random,42,A,validation,NORMAL,0.6836283185840708,0.5830188679245283,0.6293279022403259,530.0
Grouped-random,42,A,validation,ACCIDENT,0.09246575342465753,0.34177215189873417,0.14555256064690028,79.0
Grouped-random,42,A,validation,OTHER_DISRUPTION,0.25,0.05714285714285714,0.09302325581395349,175.0
Grouped-random,42,A,test,NORMAL,0.6735966735966736,0.5988909426987061,0.6340508806262231,541.0
Grouped-random,42,A,test,ACCIDENT,0.13309352517985612,0.5,0.21022727272727273,74.0
Grouped-random,42,A,test,OTHER_DISRUPTION,0.13513513513513514,0.027624309392265192,0.045871559633027525,181.0
Grouped-random,52,A,train,NORMAL,0.6893564356435643,0.4438247011952191,0.5399903053805138,2510.0
Grouped-random,52,A,train,ACCIDENT,0.1279527559055118,0.1846590909090909,0.1511627906976744,352.0
Grouped-random,52,A,train,OTHER_DISRUPTION,0.2395900064061499,0.45443499392466585,0.313758389261745,823.0
Grouped-random,52,A,validation,NORMAL,0.670846394984326,0.4037735849056604,0.5041224970553593,530.0
Grouped-random,52,A,validation,ACCIDENT,0.10084033613445378,0.1518987341772152,0.12121212121212122,79.0
Grouped-random,52,A,validation,OTHER_DISRUPTION,0.22254335260115607,0.44,0.29558541266794625,175.0
Grouped-random,52,A,test,NORMAL,0.6976744186046512,0.4436229205175601,0.5423728813559322,541.0
Grouped-random,52,A,test,ACCIDENT,0.13725490196078433,0.1891891891891892,0.1590909090909091,74.0
Grouped-random,52,A,test,OTHER_DISRUPTION,0.2742857142857143,0.5303867403314917,0.3615819209039548,181.0
Grouped-random,62,A,train,NORMAL,0.6859946476360392,0.30637450199203187,0.42357477278986505,2510.0
Grouped-random,62,A,train,ACCIDENT,0.10987261146496816,0.39204545454545453,0.17164179104477612,352.0
Grouped-random,62,A,train,OTHER_DISRUPTION,0.2408256880733945,0.3827460510328068,0.29563585171281087,823.0
Grouped-random,62,A,validation,NORMAL,0.6789473684210526,0.24339622641509434,0.35833333333333334,530.0
Grouped-random,62,A,validation,ACCIDENT,0.09090909090909091,0.3291139240506329,0.14246575342465753,79.0
Grouped-random,62,A,validation,OTHER_DISRUPTION,0.21428571428571427,0.37714285714285717,0.2732919254658385,175.0
Grouped-random,62,A,test,NORMAL,0.6940639269406392,0.2809611829944547,0.4,541.0
Grouped-random,62,A,test,ACCIDENT,0.13090909090909092,0.4864864864864865,0.20630372492836677,74.0
Grouped-random,62,A,test,OTHER_DISRUPTION,0.26490066225165565,0.4419889502762431,0.33126293995859213,181.0
Grouped-random,42,B,train,NORMAL,0.6887104393008975,0.5808764940239044,0.6302139615301491,2510.0
Grouped-random,42,B,train,ACCIDENT,0.15047619047619049,0.22443181818181818,0.18015963511972635,352.0
Grouped-random,42,B,train,OTHER_DISRUPTION,0.2473633748801534,0.3134872417982989,0.2765273311897106,823.0
Grouped-random,42,B,validation,NORMAL,0.6826086956521739,0.5924528301886792,0.6343434343434343,530.0
Grouped-random,42,B,validation,ACCIDENT,0.10204081632653061,0.12658227848101267,0.11299435028248588,79.0
Grouped-random,42,B,validation,OTHER_DISRUPTION,0.22566371681415928,0.2914285714285714,0.2543640897755611,175.0
Grouped-random,42,B,test,NORMAL,0.6441441441441441,0.5286506469500925,0.5807106598984771,541.0
Grouped-random,42,B,test,ACCIDENT,0.10810810810810811,0.16216216216216217,0.12972972972972974,74.0
Grouped-random,42,B,test,OTHER_DISRUPTION,0.24066390041493776,0.32044198895027626,0.27488151658767773,181.0
Grouped-random,52,B,train,NORMAL,0.7023153252480706,0.25378486055776894,0.37284167398302603,2510.0
Grouped-random,52,B,train,ACCIDENT,0.12223071046600459,0.45454545454545453,0.19265502709211318,352.0
Grouped-random,52,B,train,OTHER_DISRUPTION,0.2532334921715453,0.4520048602673147,0.32460732984293195,823.0
Grouped-random,52,B,validation,NORMAL,0.7142857142857143,0.27358490566037735,0.3956343792633015,530.0
Grouped-random,52,B,validation,ACCIDENT,0.12186379928315412,0.43037974683544306,0.18994413407821228,79.0
Grouped-random,52,B,validation,OTHER_DISRUPTION,0.23509933774834438,0.4057142857142857,0.2976939203354298,175.0
Grouped-random,52,B,test,NORMAL,0.6368159203980099,0.2365988909426987,0.3450134770889488,541.0
Grouped-random,52,B,test,ACCIDENT,0.11469534050179211,0.43243243243243246,0.1813031161473088,74.0
Grouped-random,52,B,test,OTHER_DISRUPTION,0.2626582278481013,0.4585635359116022,0.33400402414486924,181.0
Grouped-random,62,B,train,NORMAL,0.68785151856018,0.48725099601593624,0.570429104477612,2510.0
Grouped-random,62,B,train,ACCIDENT,0.11228813559322035,0.45170454545454547,0.17986425339366516,352.0
Grouped-random,62,B,train,OTHER_DISRUPTION,0.2545824847250509,0.15188335358444716,0.1902587519025875,823.0
Grouped-random,62,B,validation,NORMAL,0.6901408450704225,0.46226415094339623,0.5536723163841808,530.0
Grouped-random,62,B,validation,ACCIDENT,0.10576923076923077,0.4177215189873418,0.16879795396419436,79.0
Grouped-random,62,B,validation,OTHER_DISRUPTION,0.23076923076923078,0.15428571428571428,0.18493150684931506,175.0
Grouped-random,62,B,test,NORMAL,0.6576819407008087,0.4510166358595194,0.5350877192982456,541.0
Grouped-random,62,B,test,ACCIDENT,0.10927152317880795,0.44594594594594594,0.17553191489361702,74.0
Grouped-random,62,B,test,OTHER_DISRUPTION,0.2601626016260163,0.17679558011049723,0.21052631578947367,181.0
Grouped-random,42,C,train,NORMAL,0.6812313803376365,0.546613545816733,0.6065428824049514,2510.0
Grouped-random,42,C,train,ACCIDENT,0.13157894736842105,0.2556818181818182,0.17374517374517376,352.0
Grouped-random,42,C,train,OTHER_DISRUPTION,0.232016210739615,0.2782503037667072,0.25303867403314917,823.0
Grouped-random,42,C,validation,NORMAL,0.6841004184100419,0.6169811320754717,0.6488095238095238,530.0
Grouped-random,42,C,validation,ACCIDENT,0.1048951048951049,0.189873417721519,0.13513513513513514,79.0
Grouped-random,42,C,validation,OTHER_DISRUPTION,0.2392638036809816,0.22285714285714286,0.23076923076923078,175.0
Grouped-random,42,C,test,NORMAL,0.6666666666666666,0.532347504621072,0.591983556012333,541.0
Grouped-random,42,C,test,ACCIDENT,0.12422360248447205,0.2702702702702703,0.1702127659574468,74.0
Grouped-random,42,C,test,OTHER_DISRUPTION,0.2413793103448276,0.27071823204419887,0.2552083333333333,181.0
Grouped-random,52,C,train,NORMAL,0.7212787212787213,0.28764940239043824,0.4112788379379094,2510.0
Grouped-random,52,C,train,ACCIDENT,0.13076923076923078,0.4346590909090909,0.20105124835742444,352.0
Grouped-random,52,C,train,OTHER_DISRUPTION,0.2562747688243065,0.47144592952612396,0.33204963628583656,823.0
Grouped-random,52,C,validation,NORMAL,0.7373271889400922,0.3018867924528302,0.428380187416332,530.0
Grouped-random,52,C,validation,ACCIDENT,0.12345679012345678,0.379746835443038,0.18633540372670807,79.0
Grouped-random,52,C,validation,OTHER_DISRUPTION,0.2345679012345679,0.4342857142857143,0.3046092184368738,175.0
Grouped-random,52,C,test,NORMAL,0.6590909090909091,0.2680221811460259,0.38107752956636004,541.0
Grouped-random,52,C,test,ACCIDENT,0.1214574898785425,0.40540540540540543,0.18691588785046728,74.0
Grouped-random,52,C,test,OTHER_DISRUPTION,0.270516717325228,0.49171270718232046,0.34901960784313724,181.0
Grouped-random,62,C,train,NORMAL,0.6773399014778325,0.43824701195219123,0.5321722302854378,2510.0
Grouped-random,62,C,train,ACCIDENT,0.1093525179856115,0.4318181818181818,0.17451205510907003,352.0
Grouped-random,62,C,train,OTHER_DISRUPTION,0.21907600596125187,0.17861482381530985,0.19678714859437751,823.0
Grouped-random,62,C,validation,NORMAL,0.6925287356321839,0.4547169811320755,0.5489749430523918,530.0
Grouped-random,62,C,validation,ACCIDENT,0.08928571428571429,0.31645569620253167,0.1392757660167131,79.0
Grouped-random,62,C,validation,OTHER_DISRUPTION,0.23076923076923078,0.2057142857142857,0.2175226586102719,175.0
Grouped-random,62,C,test,NORMAL,0.6685714285714286,0.43253234750462105,0.5252525252525253,541.0
Grouped-random,62,C,test,ACCIDENT,0.11960132890365449,0.4864864864864865,0.192,74.0
Grouped-random,62,C,test,OTHER_DISRUPTION,0.25517241379310346,0.20441988950276244,0.22699386503067484,181.0
Grouped-random,42,D,train,NORMAL,0.6887244231606443,0.6302788844621514,0.6582067817765759,2510.0
Grouped-random,42,D,train,ACCIDENT,0.12953367875647667,0.21306818181818182,0.1611170784103115,352.0
Grouped-random,42,D,train,OTHER_DISRUPTION,0.24474660074165636,0.24058323207776428,0.2426470588235294,823.0
Grouped-random,42,D,validation,NORMAL,0.7069306930693069,0.6735849056603773,0.6898550724637681,530.0
Grouped-random,42,D,validation,ACCIDENT,0.08264462809917356,0.12658227848101267,0.1,79.0
Grouped-random,42,D,validation,OTHER_DISRUPTION,0.2721518987341772,0.24571428571428572,0.25825825825825827,175.0
Grouped-random,42,D,test,NORMAL,0.6619144602851323,0.600739371534196,0.6298449612403101,541.0
Grouped-random,42,D,test,ACCIDENT,0.09722222222222222,0.1891891891891892,0.12844036697247707,74.0
Grouped-random,42,D,test,OTHER_DISRUPTION,0.18012422360248448,0.16022099447513813,0.1695906432748538,181.0
Grouped-random,52,D,train,NORMAL,0.7417085427135678,0.2940239043824701,0.4211126961483595,2510.0
Grouped-random,52,D,train,ACCIDENT,0.13262815296989422,0.4630681818181818,0.20619860847564833,352.0
Grouped-random,52,D,train,OTHER_DISRUPTION,0.2655715263518138,0.47144592952612396,0.3397548161120841,823.0
Grouped-random,52,D,validation,NORMAL,0.6991150442477876,0.2981132075471698,0.41798941798941797,530.0
Grouped-random,52,D,validation,ACCIDENT,0.1125,0.34177215189873417,0.16927899686520376,79.0
Grouped-random,52,D,validation,OTHER_DISRUPTION,0.24842767295597484,0.4514285714285714,0.3204868154158215,175.0
Grouped-random,52,D,test,NORMAL,0.6827309236947792,0.3142329020332717,0.43037974683544306,541.0
Grouped-random,52,D,test,ACCIDENT,0.11290322580645161,0.3783783783783784,0.17391304347826086,74.0
Grouped-random,52,D,test,OTHER_DISRUPTION,0.26755852842809363,0.4419889502762431,0.3333333333333333,181.0
Grouped-random,62,D,train,NORMAL,0.6857142857142857,0.5258964143426295,0.5952649379932357,2510.0
Grouped-random,62,D,train,ACCIDENT,0.11006289308176101,0.29829545454545453,0.16079632465543645,352.0
Grouped-random,62,D,train,OTHER_DISRUPTION,0.22332506203473945,0.2187120291616039,0.22099447513812154,823.0
Grouped-random,62,D,validation,NORMAL,0.665871121718377,0.5264150943396226,0.5879873551106428,530.0
Grouped-random,62,D,validation,ACCIDENT,0.10382513661202186,0.24050632911392406,0.1450381679389313,79.0
Grouped-random,62,D,validation,OTHER_DISRUPTION,0.21978021978021978,0.22857142857142856,0.22408963585434175,175.0
Grouped-random,62,D,test,NORMAL,0.6757425742574258,0.5046210720887245,0.5777777777777777,541.0
Grouped-random,62,D,test,ACCIDENT,0.10476190476190476,0.2972972972972973,0.15492957746478872,74.0
Grouped-random,62,D,test,OTHER_DISRUPTION,0.19230769230769232,0.19337016574585636,0.1928374655647383,181.0
Spatial,42,A,train,NORMAL,0.6815602836879433,0.38180373460468814,0.48943213649096,2517.0
Spatial,42,A,train,ACCIDENT,0.10845295055821372,0.3919308357348703,0.16989381636477202,347.0
Spatial,42,A,train,OTHER_DISRUPTION,0.23484119345524543,0.2908224076281287,0.2598509052183174,839.0
Spatial,42,A,validation,NORMAL,0.6827586206896552,0.36065573770491804,0.4719904648390942,549.0
Spatial,42,A,validation,ACCIDENT,0.10980392156862745,0.3333333333333333,0.16519174041297935,84.0
Spatial,42,A,validation,OTHER_DISRUPTION,0.23754789272030652,0.3583815028901734,0.2857142857142857,173.0
Spatial,42,A,test,NORMAL,0.7183908045977011,0.24271844660194175,0.36284470246734396,515.0
Spatial,42,A,test,ACCIDENT,0.1339712918660287,0.3783783783783784,0.1978798586572438,74.0
Spatial,42,A,test,OTHER_DISRUPTION,0.24664879356568364,0.5508982035928144,0.34074074074074073,167.0
Spatial,52,A,train,NORMAL,0.6967136150234742,0.2947953913388955,0.41429369067560023,2517.0
Spatial,52,A,train,ACCIDENT,0.1106679960119641,0.31988472622478387,0.16444444444444445,347.0
Spatial,52,A,train,OTHER_DISRUPTION,0.2434250764525994,0.47437425506555425,0.3217461600646726,839.0
Spatial,52,A,validation,NORMAL,0.7289719626168224,0.28415300546448086,0.4089121887287025,549.0
Spatial,52,A,validation,ACCIDENT,0.1145374449339207,0.30952380952380953,0.16720257234726688,84.0
Spatial,52,A,validation,OTHER_DISRUPTION,0.23013698630136986,0.48554913294797686,0.31226765799256506,173.0
Spatial,52,A,test,NORMAL,0.6820809248554913,0.229126213592233,0.3430232558139535,515.0
Spatial,52,A,test,ACCIDENT,0.12408759124087591,0.22972972972972974,0.16113744075829384,74.0
Spatial,52,A,test,OTHER_DISRUPTION,0.24887892376681614,0.6646706586826348,0.3621533442088091,167.0
Spatial,62,A,train,NORMAL,0.6819407008086253,0.30154946364719903,0.41818181818181815,2517.0
Spatial,62,A,train,ACCIDENT,0.10655737704918032,0.3746397694524496,0.16592214422463306,347.0
Spatial,62,A,train,OTHER_DISRUPTION,0.23722627737226276,0.3873659117997616,0.29425079221367134,839.0
Spatial,62,A,validation,NORMAL,0.7043478260869566,0.29508196721311475,0.4159178433889602,549.0
Spatial,62,A,validation,ACCIDENT,0.11372549019607843,0.34523809523809523,0.1710914454277286,84.0
Spatial,62,A,validation,OTHER_DISRUPTION,0.24299065420560748,0.4508670520231214,0.3157894736842105,173.0
Spatial,62,A,test,NORMAL,0.7293233082706767,0.1883495145631068,0.2993827160493827,515.0
Spatial,62,A,test,ACCIDENT,0.14871794871794872,0.3918918918918919,0.21561338289962825,74.0
Spatial,62,A,test,OTHER_DISRUPTION,0.24766355140186916,0.6347305389221557,0.3563025210084034,167.0
Spatial,42,B,train,NORMAL,0.6813397129186602,0.5657528804131903,0.6181897113088778,2517.0
Spatial,42,B,train,ACCIDENT,0.1423841059602649,0.2478386167146974,0.1808622502628812,347.0
Spatial,42,B,train,OTHER_DISRUPTION,0.24380574826560952,0.2932061978545888,0.2662337662337662,839.0
Spatial,42,B,validation,NORMAL,0.693304535637149,0.5846994535519126,0.6343873517786561,549.0
Spatial,42,B,validation,ACCIDENT,0.1488095238095238,0.2976190476190476,0.1984126984126984,84.0
Spatial,42,B,validation,OTHER_DISRUPTION,0.24,0.24277456647398843,0.2413793103448276,173.0
Spatial,42,B,test,NORMAL,0.6804123711340206,0.6407766990291263,0.66,515.0
Spatial,42,B,test,ACCIDENT,0.13829787234042554,0.17567567567567569,0.15476190476190477,74.0
Spatial,42,B,test,OTHER_DISRUPTION,0.23163841807909605,0.24550898203592814,0.23837209302325582,167.0
Spatial,52,B,train,NORMAL,0.7047146401985112,0.22566547477155344,0.34185976527234424,2517.0
Spatial,52,B,train,ACCIDENT,0.12518853695324283,0.4783861671469741,0.19844590555887626,347.0
Spatial,52,B,train,OTHER_DISRUPTION,0.2501591343093571,0.4684147794994041,0.3261410788381743,839.0
Spatial,52,B,validation,NORMAL,0.7043010752688172,0.23861566484517305,0.3564625850340136,549.0
Spatial,52,B,validation,ACCIDENT,0.13538461538461538,0.5238095238095238,0.21515892420537897,84.0
Spatial,52,B,validation,OTHER_DISRUPTION,0.2576271186440678,0.4393063583815029,0.3247863247863248,173.0
Spatial,52,B,test,NORMAL,0.697986577181208,0.20194174757281552,0.3132530120481928,515.0
Spatial,52,B,test,ACCIDENT,0.13924050632911392,0.44594594594594594,0.21221864951768488,74.0
Spatial,52,B,test,OTHER_DISRUPTION,0.24864864864864866,0.5508982035928144,0.3426443202979516,167.0
Spatial,62,B,train,NORMAL,0.6851975887474883,0.4064362336114422,0.5102244389027432,2517.0
Spatial,62,B,train,ACCIDENT,0.10784313725490197,0.4438040345821326,0.1735211267605634,347.0
Spatial,62,B,train,OTHER_DISRUPTION,0.24680306905370844,0.2300357568533969,0.23812461443553362,839.0
Spatial,62,B,validation,NORMAL,0.6928327645051194,0.3697632058287796,0.4821852731591449,549.0
Spatial,62,B,validation,ACCIDENT,0.12394366197183099,0.5238095238095238,0.20045558086560364,84.0
Spatial,62,B,validation,OTHER_DISRUPTION,0.25316455696202533,0.23121387283236994,0.24169184290030213,173.0
Spatial,62,B,test,NORMAL,0.7104377104377104,0.4097087378640777,0.5197044334975369,515.0
Spatial,62,B,test,ACCIDENT,0.10218978102189781,0.3783783783783784,0.16091954022988506,74.0
Spatial,62,B,test,OTHER_DISRUPTION,0.2594594594594595,0.2874251497005988,0.2727272727272727,167.0
Spatial,42,C,train,NORMAL,0.6798664122137404,0.566150178784267,0.6178192065900715,2517.0
Spatial,42,C,train,ACCIDENT,0.1251908396946565,0.23631123919308358,0.16367265469061876,347.0
Spatial,42,C,train,OTHER_DISRUPTION,0.23319327731092437,0.26460071513706795,0.24790619765494137,839.0
Spatial,42,C,validation,NORMAL,0.7012987012987013,0.5901639344262295,0.6409495548961425,549.0
Spatial,42,C,validation,ACCIDENT,0.1476510067114094,0.2619047619047619,0.1888412017167382,84.0
Spatial,42,C,validation,OTHER_DISRUPTION,0.2358974358974359,0.2658959537572254,0.25,173.0
Spatial,42,C,test,NORMAL,0.6693877551020408,0.6368932038834951,0.6527363184079602,515.0
Spatial,42,C,test,ACCIDENT,0.14754098360655737,0.36486486486486486,0.21011673151750973,74.0
Spatial,42,C,test,OTHER_DISRUPTION,0.1686746987951807,0.08383233532934131,0.112,167.0
Spatial,52,C,train,NORMAL,0.7039403620873269,0.26261422328168454,0.38252314814814814,2517.0
Spatial,52,C,train,ACCIDENT,0.1255301102629347,0.4265129682997118,0.19397116644823068,347.0
Spatial,52,C,train,OTHER_DISRUPTION,0.2561514195583596,0.48390941597139453,0.334983498349835,839.0
Spatial,52,C,validation,NORMAL,0.7157360406091371,0.2568306010928962,0.3780160857908847,549.0
Spatial,52,C,validation,ACCIDENT,0.13409961685823754,0.4166666666666667,0.2028985507246377,84.0
Spatial,52,C,validation,OTHER_DISRUPTION,0.2471264367816092,0.49710982658959535,0.33013435700575816,173.0
Spatial,52,C,test,NORMAL,0.7208121827411168,0.2757281553398058,0.398876404494382,515.0
Spatial,52,C,test,ACCIDENT,0.10582010582010581,0.2702702702702703,0.1520912547528517,74.0
Spatial,52,C,test,OTHER_DISRUPTION,0.22972972972972974,0.5089820359281437,0.3165735567970205,167.0
Spatial,62,C,train,NORMAL,0.7005714285714286,0.24354390147000396,0.361438679245283,2517.0
Spatial,62,C,train,ACCIDENT,0.12123613312202852,0.4409221902017291,0.19018023617153512,347.0
Spatial,62,C,train,OTHER_DISRUPTION,0.24904214559386972,0.464839094159714,0.32432432432432434,839.0
Spatial,62,C,validation,NORMAL,0.7210526315789474,0.2495446265938069,0.37077131258457374,549.0
Spatial,62,C,validation,ACCIDENT,0.12188365650969529,0.5238095238095238,0.19775280898876405,84.0
Spatial,62,C,validation,OTHER_DISRUPTION,0.2549019607843137,0.37572254335260113,0.3037383177570093,173.0
Spatial,62,C,test,NORMAL,0.6776315789473685,0.2,0.30884557721139433,515.0
Spatial,62,C,test,ACCIDENT,0.1329479768786127,0.3108108108108108,0.1862348178137652,74.0
Spatial,62,C,test,OTHER_DISRUPTION,0.2459396751740139,0.6347305389221557,0.35451505016722407,167.0
Spatial,42,D,train,NORMAL,0.679037111334002,0.5379419944378228,0.6003103524717358,2517.0
Spatial,42,D,train,ACCIDENT,0.11224489795918367,0.25360230547550433,0.15561450044208666,347.0
Spatial,42,D,train,OTHER_DISRUPTION,0.24432432432432433,0.2693682955899881,0.2562358276643991,839.0
Spatial,42,D,validation,NORMAL,0.7092198581560284,0.546448087431694,0.6172839506172839,549.0
Spatial,42,D,validation,ACCIDENT,0.13071895424836602,0.23809523809523808,0.16877637130801687,84.0
Spatial,42,D,validation,OTHER_DISRUPTION,0.23478260869565218,0.31213872832369943,0.2679900744416873,173.0
Spatial,42,D,test,NORMAL,0.6880530973451328,0.6038834951456311,0.6432264736297828,515.0
Spatial,42,D,test,ACCIDENT,0.13259668508287292,0.32432432432432434,0.18823529411764706,74.0
Spatial,42,D,test,OTHER_DISRUPTION,0.25203252032520324,0.18562874251497005,0.21379310344827587,167.0
Spatial,52,D,train,NORMAL,0.7332053742802304,0.30353595550258244,0.429334082607474,2517.0
Spatial,52,D,train,ACCIDENT,0.15092592592592594,0.4697406340057637,0.22845129642606868,347.0
Spatial,52,D,train,OTHER_DISRUPTION,0.2719797596457938,0.5125148986889154,0.35537190082644626,839.0
Spatial,52,D,validation,NORMAL,0.7142857142857143,0.36429872495446264,0.4825090470446321,549.0
Spatial,52,D,validation,ACCIDENT,0.125,0.36904761904761907,0.18674698795180722,84.0
Spatial,52,D,validation,OTHER_DISRUPTION,0.24100719424460432,0.3872832369942196,0.29711751662971175,173.0
Spatial,52,D,test,NORMAL,0.7280334728033473,0.3378640776699029,0.46153846153846156,515.0
Spatial,52,D,test,ACCIDENT,0.1232876712328767,0.24324324324324326,0.16363636363636364,74.0
Spatial,52,D,test,OTHER_DISRUPTION,0.23180592991913745,0.5149700598802395,0.31970260223048325,167.0
Spatial,62,D,train,NORMAL,0.6939799331103679,0.3297576479936432,0.447077834635066,2517.0
Spatial,62,D,train,ACCIDENT,0.11799163179916318,0.40634005763688763,0.1828793774319066,347.0
Spatial,62,D,train,OTHER_DISRUPTION,0.24390243902439024,0.3814064362336114,0.297536029753603,839.0
Spatial,62,D,validation,NORMAL,0.6770833333333334,0.3551912568306011,0.4659498207885305,549.0
Spatial,62,D,validation,ACCIDENT,0.11180124223602485,0.42857142857142855,0.17733990147783252,84.0
Spatial,62,D,validation,OTHER_DISRUPTION,0.24489795918367346,0.2774566473988439,0.2601626016260163,173.0
Spatial,62,D,test,NORMAL,0.6982758620689655,0.3145631067961165,0.43373493975903615,515.0
Spatial,62,D,test,ACCIDENT,0.13450292397660818,0.3108108108108108,0.18775510204081633,74.0
Spatial,62,D,test,OTHER_DISRUPTION,0.24645892351274787,0.5209580838323353,0.3346153846153846,167.0
