n_estimators,max_depth,min_samples_leaf,min_samples_split,max_features,class_weight,accuracy,balanced_accuracy,macro_precision,macro_recall,macro_f1,weighted_f1
300,10.0,5,10,sqrt,balanced,0.4846938775510204,0.324000363938267,0.31629613747538277,0.324000363938267,0.3122466657322665,0.48976467068572344
300,10.0,5,10,sqrt,balanced_subsample,0.4846938775510204,0.3188970395896596,0.31469517724215007,0.3188970395896596,0.30876803973211536,0.49037932541471135
300,10.0,5,10,0.5,balanced,0.4897959183673469,0.31654645330785763,0.3042276027069268,0.31654645330785763,0.30546184694798717,0.49299665205597587
300,10.0,5,10,0.5,balanced_subsample,0.4961734693877551,0.32351860065736343,0.31020327415257304,0.32351860065736343,0.31048611261166054,0.49859204804035373
300,10.0,5,20,sqrt,balanced,0.45408163265306123,0.32860827732095943,0.3265947729000549,0.32860827732095943,0.31717347056462514,0.47273019729215016
300,10.0,5,20,sqrt,balanced_subsample,0.45535714285714285,0.3230950674991755,0.3191648130712647,0.3230950674991755,0.31236419610236144,0.4726339678719718
300,10.0,5,20,0.5,balanced,0.46683673469387754,0.32213927462554165,0.32444180046768045,0.32213927462554165,0.31609444779639256,0.481113543991044
300,10.0,5,20,0.5,balanced_subsample,0.475765306122449,0.33060629840663275,0.32721706977026127,0.33060629840663275,0.32120173641140354,0.4894613570806653
300,10.0,10,10,sqrt,balanced,0.4375,0.3140530212562694,0.31514151319614897,0.3140530212562694,0.30483726982493836,0.45894671663281833
300,10.0,10,10,sqrt,balanced_subsample,0.4375,0.3166046834305731,0.31673429031878275,0.3166046834305731,0.3061364357206151,0.4579390678904798
300,10.0,10,10,0.5,balanced,0.4604591836734694,0.32050746642100836,0.31918039546973476,0.32050746642100836,0.3116709215063298,0.4764773673354844
300,10.0,10,10,0.5,balanced_subsample,0.45918367346938777,0.328572338417096,0.32708005624672293,0.328572338417096,0.3183868173252462,0.4761953906630886
300,10.0,10,20,sqrt,balanced,0.4375,0.3140530212562694,0.31514151319614897,0.3140530212562694,0.30483726982493836,0.45894671663281833
300,10.0,10,20,sqrt,balanced_subsample,0.4375,0.3166046834305731,0.31673429031878275,0.3166046834305731,0.3061364357206151,0.4579390678904798
300,10.0,10,20,0.5,balanced,0.4604591836734694,0.32050746642100836,0.31918039546973476,0.32050746642100836,0.3116709215063298,0.4764773673354844
300,10.0,10,20,0.5,balanced_subsample,0.45918367346938777,0.328572338417096,0.32708005624672293,0.328572338417096,0.3183868173252462,0.4761953906630886
300,10.0,20,10,sqrt,balanced,0.38903061224489793,0.3100929179887862,0.31124403613523133,0.3100929179887862,0.2922843751767756,0.41838302268322375
300,10.0,20,10,sqrt,balanced_subsample,0.3877551020408163,0.31688195889772197,0.31578148883447554,0.31688195889772197,0.2962145439377086,0.4168301032349815
300,10.0,20,10,0.5,balanced,0.40561224489795916,0.3070235536297155,0.30891337549542547,0.3070235536297155,0.29477775298098124,0.4333067863873522
300,10.0,20,10,0.5,balanced_subsample,0.40433673469387754,0.31357557974228617,0.31585351585351584,0.31357557974228617,0.3003782686607727,0.4336485824934575
300,10.0,20,20,sqrt,balanced,0.38903061224489793,0.3100929179887862,0.31124403613523133,0.3100929179887862,0.2922843751767756,0.41838302268322375
300,10.0,20,20,sqrt,balanced_subsample,0.3877551020408163,0.31688195889772197,0.31578148883447554,0.31688195889772197,0.2962145439377086,0.4168301032349815
300,10.0,20,20,0.5,balanced,0.40561224489795916,0.3070235536297155,0.30891337549542547,0.3070235536297155,0.29477775298098124,0.4333067863873522
300,10.0,20,20,0.5,balanced_subsample,0.40433673469387754,0.31357557974228617,0.31585351585351584,0.31357557974228617,0.3003782686607727,0.4336485824934575
300,20.0,5,10,sqrt,balanced,0.5025510204081632,0.31749542233898576,0.31242590059279524,0.31749542233898576,0.3099390410871338,0.500019551629277
300,20.0,5,10,sqrt,balanced_subsample,0.5063775510204082,0.3191451999954507,0.32940239323437553,0.3191451999954507,0.3141278171535447,0.5018738486157946
300,20.0,5,10,0.5,balanced,0.5127551020408163,0.3151088971533203,0.30608038551963784,0.3151088971533203,0.3046287361964575,0.5033384843450355
300,20.0,5,10,0.5,balanced_subsample,0.5204081632653061,0.31633081988467704,0.30873599439775906,0.31633081988467704,0.30586055455211586,0.5083262825859541
300,20.0,5,20,sqrt,balanced,0.4744897959183674,0.31466739454320064,0.31619887110492534,0.31466739454320064,0.3099864413946463,0.4833011535785057
300,20.0,5,20,sqrt,balanced_subsample,0.4719387755102041,0.31364654770434564,0.3115369242582016,0.31364654770434564,0.306540308271303,0.48095634959677763
300,20.0,5,20,0.5,balanced,0.49489795918367346,0.31986397807271943,0.3186630173074639,0.31986397807271943,0.3139136732615114,0.49691684249431883
300,20.0,5,20,0.5,balanced_subsample,0.4923469387755102,0.3101493284201667,0.29928163021553145,0.3101493284201667,0.3010874203609319,0.4931421871685086
300,20.0,10,10,sqrt,balanced,0.46811224489795916,0.32172938915236504,0.3198515814848168,0.32172938915236504,0.31403908812353537,0.48207467213894073
300,20.0,10,10,sqrt,balanced_subsample,0.4719387755102041,0.32361618160519523,0.32202900229361353,0.32361618160519523,0.31601466859399086,0.4858191353577712
300,20.0,10,10,0.5,balanced,0.4642857142857143,0.3085971317115334,0.3067636068584118,0.3085971317115334,0.30225660547240846,0.47584819275516466
300,20.0,10,10,0.5,balanced_subsample,0.4744897959183674,0.31490440933956576,0.3120036335647419,0.31490440933956576,0.308103386265256,0.4840000378526211
300,20.0,10,20,sqrt,balanced,0.46811224489795916,0.32172938915236504,0.3198515814848168,0.32172938915236504,0.31403908812353537,0.48207467213894073
300,20.0,10,20,sqrt,balanced_subsample,0.4719387755102041,0.32361618160519523,0.32202900229361353,0.32361618160519523,0.31601466859399086,0.4858191353577712
300,20.0,10,20,0.5,balanced,0.4642857142857143,0.3085971317115334,0.3067636068584118,0.3085971317115334,0.30225660547240846,0.47584819275516466
300,20.0,10,20,0.5,balanced_subsample,0.4744897959183674,0.31490440933956576,0.3120036335647419,0.31490440933956576,0.308103386265256,0.4840000378526211
300,20.0,20,10,sqrt,balanced,0.399234693877551,0.3077063928031208,0.30881226441017584,0.3077063928031208,0.2932085045105252,0.4273188310406909
300,20.0,20,10,sqrt,balanced_subsample,0.4107142857142857,0.32078474188815725,0.31919086333720487,0.32078474188815725,0.3048491491599778,0.4383429769687797
300,20.0,20,10,0.5,balanced,0.4119897959183674,0.30889237663061403,0.31075566936386073,0.30889237663061403,0.2974091332212001,0.43883632577345866
300,20.0,20,10,0.5,balanced_subsample,0.43239795918367346,0.3310025361947979,0.33009323788302597,0.3310025361947979,0.3192989229831335,0.4581842991718126
300,20.0,20,20,sqrt,balanced,0.399234693877551,0.3077063928031208,0.30881226441017584,0.3077063928031208,0.2932085045105252,0.4273188310406909
300,20.0,20,20,sqrt,balanced_subsample,0.4107142857142857,0.32078474188815725,0.31919086333720487,0.32078474188815725,0.3048491491599778,0.4383429769687797
300,20.0,20,20,0.5,balanced,0.4119897959183674,0.30889237663061403,0.31075566936386073,0.30889237663061403,0.2974091332212001,0.43883632577345866
300,20.0,20,20,0.5,balanced_subsample,0.43239795918367346,0.3310025361947979,0.33009323788302597,0.3310025361947979,0.3192989229831335,0.4581842991718126
300,,5,10,sqrt,balanced,0.5076530612244898,0.3151448360571838,0.30468720821661993,0.3151448360571838,0.3046856316628989,0.5011632583389206
300,,5,10,sqrt,balanced_subsample,0.514030612244898,0.324194615988263,0.33909892879647135,0.324194615988263,0.3188470066518847,0.5079632185468422
300,,5,10,0.5,balanced,0.5178571428571429,0.31634878933660876,0.30711242215666995,0.31634878933660876,0.3059848852352851,0.5070678418088302
300,,5,10,0.5,balanced_subsample,0.5216836734693877,0.31823558178943895,0.31260767581368826,0.31823558178943895,0.307307310906171,0.5092396545099664
300,,5,20,sqrt,balanced,0.4770408163265306,0.30978311553902665,0.3087053065524867,0.30978311553902665,0.3046169808702326,0.48441691332753334
300,,5,20,sqrt,balanced_subsample,0.48086734693877553,0.31549740125331244,0.3142083002907745,0.31549740125331244,0.3090126446058649,0.48710733980492094
300,,5,20,0.5,balanced,0.49489795918367346,0.3236914713341749,0.32035813386022305,0.3236914713341749,0.3170902125079243,0.49951969118316275
300,,5,20,0.5,balanced_subsample,0.49489795918367346,0.31627349960762907,0.3098191729680632,0.31627349960762907,0.3089665624098214,0.49696906262567203
300,,10,10,sqrt,balanced,0.4630102040816326,0.31793783479477294,0.3173675925304207,0.31793783479477294,0.31054096279660187,0.47775862554278625
300,,10,10,sqrt,balanced_subsample,0.47066326530612246,0.32298725078758517,0.32104533928008544,0.32298725078758517,0.31555715293585185,0.485382391245704
300,,10,10,0.5,balanced,0.47066326530612246,0.3117417857995837,0.3091882109549368,0.3117417857995837,0.30540161116123915,0.480757257871209
300,,10,10,0.5,balanced_subsample,0.4770408163265306,0.3172010872655726,0.31799419730109196,0.3172010872655726,0.3122154716292647,0.486036801995018
300,,10,20,sqrt,balanced,0.4630102040816326,0.31793783479477294,0.3173675925304207,0.31793783479477294,0.31054096279660187,0.47775862554278625
300,,10,20,sqrt,balanced_subsample,0.47066326530612246,0.32298725078758517,0.32104533928008544,0.32298725078758517,0.31555715293585185,0.485382391245704
300,,10,20,0.5,balanced,0.47066326530612246,0.3117417857995837,0.3091882109549368,0.3117417857995837,0.30540161116123915,0.480757257871209
300,,10,20,0.5,balanced_subsample,0.4770408163265306,0.3172010872655726,0.31799419730109196,0.3172010872655726,0.3122154716292647,0.486036801995018
300,,20,10,sqrt,balanced,0.3979591836734694,0.30117233614248184,0.30217120744875164,0.30117233614248184,0.28680539373590136,0.42520267700253167
300,,20,10,sqrt,balanced_subsample,0.4107142857142857,0.32309938926609577,0.3214446140383289,0.32309938926609577,0.30724779659997387,0.43864187551588785
300,,20,10,0.5,balanced,0.40816326530612246,0.30828141526493563,0.31032997962313486,0.30828141526493563,0.29607331598848696,0.4357499252780044
300,,20,10,0.5,balanced_subsample,0.43112244897959184,0.32678312691209754,0.3261279461279461,0.32678312691209754,0.3153160678756163,0.456627039110783
300,,20,20,sqrt,balanced,0.3979591836734694,0.30117233614248184,0.30217120744875164,0.30117233614248184,0.28680539373590136,0.42520267700253167
300,,20,20,sqrt,balanced_subsample,0.4107142857142857,0.32309938926609577,0.3214446140383289,0.32309938926609577,0.30724779659997387,0.43864187551588785
300,,20,20,0.5,balanced,0.40816326530612246,0.30828141526493563,0.31032997962313486,0.30828141526493563,0.29607331598848696,0.4357499252780044
300,,20,20,0.5,balanced_subsample,0.43112244897959184,0.32678312691209754,0.3261279461279461,0.32678312691209754,0.3153160678756163,0.456627039110783
