station_id,Abs PM_x,Abs PM_y,incident_id,dis,hazard_type,incident_kind,match_hour,calculated_duration_hours,impact_sequence_hour,is_major_incident,is_local_road,speed_limit,advice_a,advice_b,queue_length_km,traffic_volume_desc,affected_direction,temperature_2m,rain,precipitation,weather_code,apparent_temperature,relative_humidity,wind_gusts_10m,dew_point_2m
7179,-33.817272,150.962784,220424-webtirf,0.285,CRASH,Unplanned,2025-01-13 21:00:00,0.5,0,1,State road,-1.0,Reduce your speed,Prepare to merge,0,,Southbound,24.2,0.0,0.0,3.0,28.105839,84.38998,11.159999,21.4
7179,-33.817272,150.962784,222027-webtirf,0.041,BREAKDOWN,Unplanned,2025-01-28 01:00:00,1.151999722222222,0,0,State road,-1.0,Reduce your speed,Exercise caution,0,,Southbound,23.4,0.0,0.0,1.0,27.933231,94.40952,9.0,22.45
7179,-33.817272,150.962784,222027-webtirf,0.041,BREAKDOWN,Unplanned,2025-01-28 02:00:00,1.151999722222222,1,0,State road,-1.0,Reduce your speed,Exercise caution,0,,Southbound,22.95,0.3,0.3,51.0,26.70027,93.24602,16.199999,21.8
7179,-33.817272,150.962784,220200.0-webtirf,0.144,BREAKDOWN,Unplanned,2025-01-10 21:00:00,0.5045980555555556,0,0,State road,-1.0,Exercise caution, ,0,,Westbound,19.9,0.3,0.3,51.0,22.657019,93.384995,10.440001,18.8
7119-PR,-33.817974,150.981827,220419-webtirf,0.007,TRAFFIC LIGHTS BLACKED OUT,Unplanned,2025-01-13 19:00:00,1.2572475,0,0,State road,-1.0,Reduce your speed,Exercise caution,0,,All directions,26.5,0.0,0.0,2.0,29.635155,72.03877,24.119999,21.05
7119-PR,-33.817974,150.981827,220419-webtirf,0.007,TRAFFIC LIGHTS BLACKED OUT,Unplanned,2025-01-13 20:00:00,1.2572475,1,0,State road,-1.0,Reduce your speed,Exercise caution,0,,All directions,25.05,0.0,0.0,3.0,28.803085,80.208374,19.08,21.4
7119-PR,-33.817974,150.981827,220429-webtirf,0.37,TRAFFIC LIGHTS BLACKED OUT,Unplanned,2025-01-13 21:00:00,3.926346944444445,0,0,State road,-1.0,Reduce your speed,Exercise caution,0,,All directions,24.2,0.0,0.0,3.0,28.105839,84.38998,11.159999,21.4
7119-PR,-33.817974,150.981827,220429-webtirf,0.37,TRAFFIC LIGHTS BLACKED OUT,Unplanned,2025-01-13 22:00:00,3.926346944444445,1,0,State road,-1.0,Reduce your speed,Exercise caution,0,,All directions,23.65,0.0,0.0,3.0,27.496449,86.6934,10.799999,21.3
7119-PR,-33.817974,150.981827,220429-webtirf,0.37,TRAFFIC LIGHTS BLACKED OUT,Unplanned,2025-01-13 23:00:00,3.926346944444445,2,0,State road,-1.0,Reduce your speed,Exercise caution,0,,All directions,22.95,0.0,0.0,3.0,26.646667,89.608215,9.72,21.15
7119-PR,-33.817974,150.981827,220429-webtirf,0.37,TRAFFIC LIGHTS BLACKED OUT,Unplanned,2025-01-14 00:00:00,3.926346944444445,3,0,State road,-1.0,Reduce your speed,Exercise caution,0,,All directions,22.3,0.0,0.0,3.0,26.231974,92.35934,10.08,21.0
7179,-33.817272,150.962784,219630.0-webtirf,0.691,BREAKDOWN,Unplanned,2025-01-05 21:00:00,1.8963952777777773,0,0,State road,40.0,Reduced speed limit,Exercise caution,0,,Westbound,28.1,0.0,0.0,0.0,29.166992,50.4658,20.519999,16.85
7179,-33.817272,150.962784,219630.0-webtirf,0.691,BREAKDOWN,Unplanned,2025-01-05 22:00:00,1.8963952777777773,1,0,State road,40.0,Reduced speed limit,Exercise caution,0,,Westbound,26.45,0.0,0.0,0.0,27.508043,55.76769,20.880001,16.9
50240,-33.796436,150.987595,219811-webtirf,0.516,BREAKDOWN,Unplanned,2025-01-07 04:00:00,0.5,0,0,State road,-1.0,Reduce your speed,Prepare to merge,0,,Eastbound,20.6,1.6,1.6,61.0,23.199183,96.063774,15.84,19.95
68025,-33.816696,150.976623,220216-webtirf,0.099,ADVERSE WEATHER,Unplanned,2025-01-11 02:00:00,1.7298666666666669,0,0,State road,40.0,Reduced speed limit,Exercise caution,0,Heavy,Westbound,19.1,1.3,1.3,61.0,21.725945,97.22915,11.879999,18.65
68025,-33.816696,150.976623,220216-webtirf,0.099,ADVERSE WEATHER,Unplanned,2025-01-11 03:00:00,1.7298666666666669,1,0,State road,40.0,Reduced speed limit,Exercise caution,0,Heavy,Westbound,19.15,2.1,2.1,61.0,21.671434,95.72073,10.440001,18.45
7179,-33.817272,150.962784,219481-webtirf,0.202,BREAKDOWN,Unplanned,2025-01-02 03:00:00,0.5,0,0,State road,-1.0,Exercise caution,Prepare to merge,0,,Eastbound,21.05,0.0,0.0,3.0,21.469416,84.839386,41.039997,18.4
7179,-33.817272,150.962784,219694-webtirf,0.173,BREAKDOWN,Unplanned,2025-01-06 04:00:00,0.5,0,0,State road,-1.0,Reduce your speed,Prepare to merge,0,,Southbound,22.85,0.0,0.0,0.0,24.353651,68.286835,12.599999,16.7
7164,-33.81562,150.969238,219890.0-webtirf,0.061,BREAKDOWN,Unplanned,2025-01-08 02:00:00,0.5,0,0,State road,-1.0,Exercise caution, ,0,,Eastbound,17.75,0.1,0.1,51.0,17.74367,86.95825,27.359999,15.55
7179,-33.817272,150.962784,220084-webtirf,0.154,BREAKDOWN,Unplanned,2025-01-09 22:00:00,0.5,0,0,State road,40.0,Exercise caution,Reduced speed limit,0,,Westbound,20.4,0.1,0.1,51.0,22.855331,91.10897,13.32,18.9
50240,-33.796436,150.987595,220217-webtirf,0.521,ADVERSE WEATHER,Unplanned,2025-01-11 02:00:00,0.8620802777777777,0,0,State road,-1.0,Reduce your speed,Exercise caution,0,,Westbound,19.1,1.4,1.4,61.0,21.487131,97.83901,12.959999,18.75
50240,-33.796436,150.987595,220489-webtirf,0.528,BREAKDOWN,Unplanned,2025-01-14 04:00:00,1.8240341666666664,0,0,State road,-1.0,Reduce your speed,Prepare to merge,0,,Eastbound,20.85,0.0,0.0,3.0,24.409092,97.56589,6.4799995,20.45
50240,-33.796436,150.987595,220489-webtirf,0.528,BREAKDOWN,Unplanned,2025-01-14 05:00:00,1.8240341666666664,1,0,State road,-1.0,Reduce your speed,Prepare to merge,0,,Eastbound,20.85,0.0,0.0,3.0,24.642956,98.16948,9.72,20.55
68025,-33.816696,150.976623,220025-webtirf,0.695,BREAKDOWN,Unplanned,2025-01-09 04:00:00,0.5,0,0,State road,-1.0,Exercise caution,Prepare to merge,0,,Westbound,17.8,0.1,0.1,51.0,19.029812,96.58947,19.8,17.25
68025,-33.816696,150.976623,221220.0-webtirf,0.535,BREAKDOWN,Unplanned,2025-01-18 07:00:00,0.8277519444444444,0,0,State road,40.0,Reduced speed limit,Exercise caution,0,,Eastbound,17.75,1.4,1.4,61.0,16.178942,89.49699,53.28,16.0
7164,-33.81562,150.969238,219630.0-webtirf,0.27,BREAKDOWN,Unplanned,2025-01-05 21:00:00,0.5,0,0,State road,40.0,Reduced speed limit,Prepare to merge,0,Moderate,Westbound,28.1,0.0,0.0,0.0,29.166992,50.4658,20.519999,16.85
68025,-33.816696,150.976623,219630.0-webtirf,0.376,BREAKDOWN,Unplanned,2025-01-05 21:00:00,0.5,0,0,State road,40.0,Reduced speed limit,Prepare to merge,0,Heavy,Westbound,28.1,0.0,0.0,0.0,29.166992,50.4658,20.519999,16.85
68025,-33.816696,150.976623,220005-webtirf,0.695,BREAKDOWN,Unplanned,2025-01-09 01:00:00,0.5,0,0,State road,-1.0,Exercise caution, ,0,,Eastbound,17.3,3.3,3.3,63.0,18.227123,94.1519,20.519999,16.35
7179,-33.817272,150.962784,223809-webtirf,0.218,HAZARD,Unplanned,2025-02-13 07:00:00,0.5,0,1,State road,60.0,Reduced speed limit,Exercise caution,0,,Westbound,21.9,0.0,0.0,2.0,24.440176,88.42818,18.359999,19.9
50240,-33.796436,150.987595,223090.0-webtirf,0.086,BREAKDOWN,Unplanned,2025-02-06 23:00:00,0.5,0,0,State road,-1.0,Reduce your speed,Exercise caution,0,,Westbound,21.6,0.0,0.0,0.0,24.696943,91.4684,13.32,20.15
68025,-33.816696,150.976623,222696-webtirf,0.377,BREAKDOWN,Unplanned,2025-02-03 05:00:00,0.5,0,0,State road,40.0,Reduced speed limit,Prepare to merge,0,Heavy,Westbound,19.9,0.0,0.0,3.0,22.264225,85.793816,6.4799995,17.45
50240,-33.796436,150.987595,222574-webtirf,0.476,TRAFFIC LIGHTS BLACKED OUT,Unplanned,2025-02-01 17:00:00,2.340260833333333,0,0,State road,-1.0,Reduce your speed,Exercise caution,0,,All directions,25.1,0.0,0.0,3.0,26.2766,65.783165,32.039997,18.25
50240,-33.796436,150.987595,222574-webtirf,0.476,TRAFFIC LIGHTS BLACKED OUT,Unplanned,2025-02-01 18:00:00,2.340260833333333,1,0,State road,-1.0,Reduce your speed,Exercise caution,0,,All directions,24.6,0.0,0.0,1.0,25.635052,65.678856,31.319998,17.75
50240,-33.796436,150.987595,222574-webtirf,0.476,TRAFFIC LIGHTS BLACKED OUT,Unplanned,2025-02-01 19:00:00,2.340260833333333,2,0,State road,-1.0,Reduce your speed,Exercise caution,0,,All directions,23.7,0.0,0.0,0.0,25.145067,70.201256,29.519999,17.95
50240,-33.796436,150.987595,223489-webtirf,0.089,CRASH,Unplanned,2025-02-10 21:00:00,0.8160083333333333,0,1,State road,-1.0,Expect delays, ,0,,Eastbound,19.9,0.0,0.0,1.0,22.87456,91.648964,6.12,18.5
50240,-33.796436,150.987595,223583-webtirf,0.073,BREAKDOWN,Unplanned,2025-02-11 22:00:00,0.5,0,0,State road,-1.0,Exercise caution,Prepare to merge,0,,Eastbound,20.65,0.0,0.0,0.0,23.522512,90.27686,10.08,19.0
68025,-33.816696,150.976623,223914-webtirf,0.477,CRASH,Unplanned,2025-02-14 04:00:00,0.5,0,1,State road,-1.0,Exercise caution, ,0,,Eastbound,21.4,0.0,0.0,1.0,24.718912,91.73966,7.2,20.0
7179,-33.817272,150.962784,225027-webtirf,0.168,CRASH,Unplanned,2025-02-25 23:00:00,0.5,0,1,State road,-1.0,Exercise caution,Prepare to merge,0,,Northbound,21.4,0.0,0.0,3.0,22.503849,69.98744,12.599999,15.7
7179,-33.817272,150.962784,223498-webtirf,0.153,BREAKDOWN,Unplanned,2025-02-10 22:00:00,0.6740836111111111,0,0,State road,40.0,Exercise caution,Reduced speed limit,0,,Westbound,20.15,0.0,0.0,0.0,23.239964,90.24164,4.32,18.5
7164,-33.81562,150.969238,223947-webtirf,0.268,CRASH,Unplanned,2025-02-14 09:00:00,0.5,0,1,State road,-1.0,Expect delays, ,0,Heavy,Westbound,24.1,0.0,0.0,3.0,27.055037,77.64423,18.359999,19.95
50240,-33.796436,150.987595,223057-webtirf,0.436,CRASH,Unplanned,2025-02-06 19:00:00,1.376594722222222,0,1,State road,-1.0,Exercise caution,Prepare to merge,0,,Northbound,25.15,0.0,0.0,0.0,27.416994,72.69416,27.359999,19.9
50240,-33.796436,150.987595,223057-webtirf,0.436,CRASH,Unplanned,2025-02-06 20:00:00,1.376594722222222,1,1,State road,-1.0,Exercise caution,Prepare to merge,0,,Northbound,23.65,0.0,0.0,0.0,26.46509,80.767235,23.759998,20.15
7119-PR,-33.817974,150.981827,223756-webtirf,0.042,CRASH,Unplanned,2025-02-13 04:00:00,0.5452108333333333,0,1,State road,-1.0,Reduce your speed,Exercise caution,0,,Westbound,21.85,0.0,0.0,3.0,23.988255,88.97361,23.759998,19.95
68025,-33.816696,150.976623,222699-webtirf,0.485,BREAKDOWN,Unplanned,2025-02-03 05:00:00,0.7920222222222223,0,0,State road,-1.0,Exercise caution,Expect delays,0,Heavy,Westbound,19.9,0.0,0.0,3.0,22.264225,85.793816,6.4799995,17.45
7119-PR,-33.817974,150.981827,222788-webtirf,0.019,CRASH,Unplanned,2025-02-04 04:00:00,0.8689552777777778,0,1,State road,-1.0,Expect delays, ,0,,Westbound,20.65,0.0,0.0,3.0,23.77984,92.26699,6.4799995,19.35
7179,-33.817272,150.962784,223042-webtirf,0.196,BREAKDOWN,Unplanned,2025-02-06 06:00:00,0.8636197222222222,0,0,State road,-1.0,Reduce your speed,Exercise caution,0,,Unknown,20.45,0.0,0.0,3.0,23.181608,92.25565,12.599999,19.15
68025,-33.816696,150.976623,223225-webtirf,0.46,HAZARD,Unplanned,2025-02-08 05:00:00,3.341975,0,1,State road,60.0,Exercise caution,Reduced speed limit,0,,Westbound,21.05,0.0,0.0,2.0,22.703884,80.42429,15.119999,17.55
68025,-33.816696,150.976623,223225-webtirf,0.46,HAZARD,Unplanned,2025-02-08 06:00:00,3.341975,1,1,State road,60.0,Exercise caution,Reduced speed limit,0,,Westbound,20.65,0.0,0.0,0.0,22.304962,80.11686,15.119999,17.1
68025,-33.816696,150.976623,223225-webtirf,0.46,HAZARD,Unplanned,2025-02-08 07:00:00,3.341975,2,1,State road,60.0,Exercise caution,Reduced speed limit,0,,Westbound,20.55,0.0,0.0,1.0,22.029808,79.09405,12.24,16.8
68025,-33.816696,150.976623,223225-webtirf,0.46,HAZARD,Unplanned,2025-02-08 08:00:00,3.341975,3,1,State road,60.0,Exercise caution,Reduced speed limit,0,,Westbound,22.2,0.0,0.0,2.0,23.999952,71.48902,13.679999,16.8
7179,-33.817272,150.962784,223917-webtirf,0.175,CRASH,Unplanned,2025-02-14 04:00:00,0.5,0,1,State road,-1.0,Exercise caution,Prepare to merge,0,,Southbound,21.4,0.0,0.0,1.0,24.718912,91.73966,7.2,20.0
7164,-33.81562,150.969238,223304-webtirf,0.032,BREAKDOWN,Unplanned,2025-02-09 05:00:00,0.5,0,0,State road,-1.0,Exercise caution, ,0,,Eastbound,20.45,0.0,0.0,3.0,22.917454,93.70269,18.0,19.4
50240,-33.796436,150.987595,226011-webtirf,0.375,BREAKDOWN,Unplanned,2025-03-06 10:00:00,0.5,0,0,State road,-1.0,Reduce your speed,Prepare to merge,0,,Southbound,22.35,0.2,0.2,51.0,22.9751,75.2239,33.12,17.75
50240,-33.796436,150.987595,225693-webtirf,0.518,BREAKDOWN,Unplanned,2025-03-04 22:00:00,0.7723255555555555,0,0,State road,-1.0,Exercise caution,Prepare to merge,0,,Eastbound,19.8,0.0,0.0,1.0,20.813303,83.905235,22.68,17.0
50240,-33.796436,150.987595,227606-webtirf,0.077,BREAKDOWN,Unplanned,2025-03-16 00:00:00,0.5784411111111111,0,0,State road,-1.0,Reduce your speed,Prepare to merge,0,,Northbound,25.75,0.0,0.0,3.0,26.46752,58.30916,22.68,16.95
50240,-33.796436,150.987595,228632-webtirf,0.076,EMERGENCY ROADWORK,Unplanned,2025-03-25 10:00:00,3.919624166666667,0,0,State road,-1.0,Reduce your speed,Prepare to merge,0,,Eastbound,22.85,0.3,0.3,51.0,24.458931,78.67698,27.359999,18.95
50240,-33.796436,150.987595,228632-webtirf,0.076,EMERGENCY ROADWORK,Unplanned,2025-03-25 11:00:00,3.919624166666667,1,0,State road,-1.0,Reduce your speed,Prepare to merge,0,,Eastbound,23.4,0.1,0.1,51.0,25.130562,76.10356,28.44,18.95
50240,-33.796436,150.987595,228632-webtirf,0.076,EMERGENCY ROADWORK,Unplanned,2025-03-25 12:00:00,3.919624166666667,2,0,State road,-1.0,Reduce your speed,Prepare to merge,0,,Eastbound,23.6,0.1,0.1,51.0,25.073727,74.026184,27.359999,18.7
50240,-33.796436,150.987595,228632-webtirf,0.076,EMERGENCY ROADWORK,Unplanned,2025-03-25 13:00:00,3.919624166666667,3,0,State road,-1.0,Reduce your speed,Prepare to merge,0,,Eastbound,23.25,0.1,0.1,51.0,24.6151,76.0799,29.88,18.8
50240,-33.796436,150.987595,226884-webtirf,0.125,CRASH,Unplanned,2025-03-10 02:00:00,0.5,0,1,State road,-1.0,Reduce your speed,Prepare to merge,0,,Westbound,20.35,0.0,0.0,0.0,22.61377,89.97394,14.04,18.65
7179,-33.817272,150.962784,225425-webtirf,0.083,BREAKDOWN,Unplanned,2025-03-02 06:00:00,0.8507250000000001,0,0,State road,-1.0,Exercise caution,Prepare to merge,0,,Northbound,21.7,0.0,0.0,0.0,25.050714,94.04945,12.24,20.7
7179,-33.817272,150.962784,225705-webtirf,0.188,CRASH,Unplanned,2025-03-04 23:00:00,0.5,0,1,State road,-1.0,Prepare to merge,Exercise caution,0,,Northbound,19.9,0.0,0.0,1.0,20.939142,83.3868,21.599998,17.0
68025,-33.816696,150.976623,226132-webtirf,0.206,BREAKDOWN,Unplanned,2025-03-07 00:00:00,0.9480258333333332,0,0,State road,40.0,Reduced speed limit,Prepare to merge,0,,Eastbound,19.9,0.1,0.1,51.0,21.380165,85.253716,18.359999,17.35
7179,-33.817272,150.962784,227083-webtirf,0.13,CRASH,Unplanned,2025-03-11 06:00:00,1.1446555555555555,0,1,State road,-1.0,Expect delays, ,0,Heavy,Westbound,20.2,0.0,0.0,3.0,23.791159,97.85685,2.8799999,19.85
7179,-33.817272,150.962784,227083-webtirf,0.13,CRASH,Unplanned,2025-03-11 07:00:00,1.1446555555555555,1,1,State road,-1.0,Expect delays, ,0,Heavy,Westbound,20.1,0.0,0.0,2.0,23.749754,99.38305,3.96,20.0
50240,-33.796436,150.987595,227547-webtirf,0.09,CRASH,Unplanned,2025-03-15 01:00:00,0.7361008333333334,0,1,State road,-1.0,Reduce your speed,Prepare to merge,0,Moderate,Eastbound,22.85,0.0,0.0,3.0,25.200659,85.8204,22.319998,20.35
7179,-33.817272,150.962784,227097-webtirf,0.194,CRASH,Unplanned,2025-03-11 11:00:00,0.5,0,1,State road,-1.0,Exercise caution,Prepare to merge,0,,Northbound,23.9,0.1,0.1,51.0,26.743664,73.38636,17.28,18.85
7164,-33.81562,150.969238,227258-webtirf,0.273,BREAKDOWN,Unplanned,2025-03-12 06:00:00,2.223645,0,0,State road,40.0,Reduced speed limit,Exercise caution,0,Moderate,Westbound,19.3,0.0,0.0,2.0,21.906628,95.72552,7.92,18.6
7164,-33.81562,150.969238,227258-webtirf,0.273,BREAKDOWN,Unplanned,2025-03-12 07:00:00,2.223645,1,0,State road,40.0,Reduced speed limit,Exercise caution,0,Moderate,Westbound,18.95,0.0,0.0,1.0,21.540087,96.3165,7.92,18.35
7164,-33.81562,150.969238,227258-webtirf,0.273,BREAKDOWN,Unplanned,2025-03-12 08:00:00,2.223645,2,0,State road,40.0,Reduced speed limit,Exercise caution,0,Moderate,Westbound,19.8,0.0,0.0,1.0,22.491251,94.25956,10.799999,18.85
7179,-33.817272,150.962784,225739-webtirf,0.513,BREAKDOWN,Unplanned,2025-03-05 03:00:00,0.5,0,0,State road,-1.0,Exercise caution, ,0,,Westbound,19.1,0.3,0.3,51.0,20.344927,90.45204,21.24,17.5
68025,-33.816696,150.976623,227150.0-webtirf,0.519,BREAKDOWN,Unplanned,2025-03-11 22:00:00,0.5,0,0,State road,40.0,Reduced speed limit,Exercise caution,0,,Eastbound,20.6,0.0,0.0,3.0,23.640598,89.992004,4.32,18.9
7179,-33.817272,150.962784,225390.0-webtirf,0.309,BREAKDOWN,Unplanned,2025-03-01 09:00:00,0.7663644444444444,0,0,State road,-1.0,Exercise caution, ,0,,Southbound,22.9,0.0,0.0,0.0,25.380877,72.754295,13.32,17.75
7179,-33.817272,150.962784,226857-webtirf,0.238,BREAKDOWN,Unplanned,2025-03-10 01:00:00,0.5,0,0,State road,-1.0,Exercise caution,Prepare to merge,0,,Southbound,21.15,0.0,0.0,2.0,24.003508,86.998924,11.159999,18.9
7164,-33.81562,150.969238,227368-webtirf,0.022,BREAKDOWN,Unplanned,2025-03-13 04:00:00,0.5,0,0,State road,-1.0,Exercise caution,Prepare to merge,0,,Westbound,19.1,0.0,0.0,0.0,21.723017,97.22915,7.92,18.65
68025,-33.816696,150.976623,227633-webtirf,0.109,BREAKDOWN,Unplanned,2025-03-16 04:00:00,0.5,0,0,State road,-1.0,Exercise caution,Reduce your speed,0,,Westbound,23.6,0.0,0.0,3.0,25.397543,67.5758,13.679999,17.25
68025,-33.816696,150.976623,228704-webtirf,0.122,BREAKDOWN,Unplanned,2025-03-26 02:00:00,0.5772705555555555,0,0,State road,40.0,Reduced speed limit,Prepare to merge,0,,Westbound,20.6,0.1,0.1,51.0,23.496584,91.40625,7.5599995,19.15
7179,-33.817272,150.962784,229725-webtirf,0.532,CRASH,Unplanned,2025-03-31 05:00:00,0.6668844444444445,0,1,State road,-1.0,Exercise caution, ,0,Moderate,Westbound,18.45,0.0,0.0,2.0,17.95691,82.68593,37.079998,15.45
68025,-33.816696,150.976623,228547-webtirf,0.098,BREAKDOWN,Unplanned,2025-03-24 18:00:00,1.17819,0,0,State road,-1.0,Exercise caution,Expect delays,0,Heavy,Westbound,23.7,0.0,0.0,1.0,25.31849,69.980804,24.84,17.9
68025,-33.816696,150.976623,228547-webtirf,0.098,BREAKDOWN,Unplanned,2025-03-24 19:00:00,1.17819,1,0,State road,-1.0,Exercise caution,Expect delays,0,Heavy,Westbound,22.6,0.0,0.0,1.0,24.854038,75.977196,19.8,18.15
7119-PR,-33.817974,150.981827,229592-webtirf,0.004,CRASH,Unplanned,2025-03-30 08:00:00,0.5798433333333334,0,1,State road,-1.0,Reduce your speed,Prepare to merge,0,,Westbound,20.1,0.0,0.0,1.0,19.425976,79.53467,43.56,16.45
50240,-33.796436,150.987595,228549-webtirf,0.191,CRASH,Unplanned,2025-03-24 19:00:00,0.5,0,1,State road,-1.0,Reduce your speed,Prepare to merge,0,Moderate,Southbound,22.0,0.0,0.0,1.0,24.368643,78.30855,18.359999,18.05
68025,-33.816696,150.976623,225556-webtirf,0.542,CRASH,Unplanned,2025-03-03 21:00:00,0.5,0,1,State road,-1.0,Reduce your speed,Exercise caution,0,,Westbound,21.65,0.0,0.0,3.0,21.979807,70.70887,33.48,16.1
50240,-33.796436,150.987595,227126-webtirf,0.098,BREAKDOWN,Unplanned,2025-03-11 20:00:00,0.5,0,0,State road,-1.0,Exercise caution,Prepare to merge,0,,City bound,20.55,0.1,0.1,51.0,22.893621,83.9894,11.159999,17.75
7179,-33.817272,150.962784,229117-webtirf,0.134,CRASH,Unplanned,2025-03-27 23:00:00,0.5,0,1,State road,-1.0,Reduce your speed,Exercise caution,0,,Eastbound,20.05,0.1,0.1,51.0,22.117685,87.9973,11.5199995,18.0
50240,-33.796436,150.987595,227008-webtirf,0.123,BREAKDOWN,Unplanned,2025-03-10 23:00:00,1.1226544444444444,0,0,State road,-1.0,Reduce your speed,Exercise caution,0,,Northbound,19.45,0.0,0.0,0.0,20.75761,84.132454,16.919998,16.7
50240,-33.796436,150.987595,227008-webtirf,0.123,BREAKDOWN,Unplanned,2025-03-11 00:00:00,1.1226544444444444,1,0,State road,-1.0,Reduce your speed,Exercise caution,0,,Northbound,20.9,0.3,0.3,51.0,23.679499,88.62152,7.5599995,18.95
7179,-33.817272,150.962784,227807-webtirf,0.221,BREAKDOWN,Unplanned,2025-03-18 00:00:00,1.001316388888889,0,0,State road,-1.0,Prepare to merge,Exercise caution,0,Heavy,Northbound,16.45,0.0,0.0,2.0,15.353037,61.38851,14.04,9.0
7179,-33.817272,150.962784,227807-webtirf,0.221,BREAKDOWN,Unplanned,2025-03-18 01:00:00,1.001316388888889,1,0,State road,-1.0,Prepare to merge,Exercise caution,0,Heavy,Northbound,15.85,0.0,0.0,1.0,14.801371,65.30373,12.599999,9.35
7179,-33.817272,150.962784,227258-webtirf,0.408,BREAKDOWN,Unplanned,2025-03-12 06:00:00,0.5,0,0,State road,40.0,Reduced speed limit,Exercise caution,0,Moderate,Westbound,19.3,0.0,0.0,2.0,21.906628,95.72552,7.92,18.6
7164,-33.81562,150.969238,231089-webtirf,0.774,BREAKDOWN,Unplanned,2025-04-11 02:00:00,0.5,0,0,State road,-1.0,Reduce your speed,Prepare to merge,0,,Northbound,16.05,0.0,0.0,1.0,17.297922,95.00811,7.2,15.25
7119-PR,-33.817974,150.981827,232509-webtirf,0.006,CRASH,Unplanned,2025-04-25 05:00:00,0.5,0,1,State road,-1.0,Reduce your speed,Exercise caution,0,,Westbound,14.65,0.0,0.0,1.0,16.021194,98.71715,2.8799999,14.45
50240,-33.796436,150.987595,232913-webtirf,0.265,BREAKDOWN,Unplanned,2025-04-29 03:00:00,0.5,0,0,State road,-1.0,Reduce your speed,Prepare to merge,0,Heavy,Westbound,15.0,0.0,0.0,0.0,15.459444,93.442345,10.08,13.95
7179,-33.817272,150.962784,231359-webtirf,0.204,BREAKDOWN,Unplanned,2025-04-14 03:00:00,0.5,0,0,State road,-1.0,Prepare to merge,Exercise caution,0,,Southbound,16.75,0.0,0.0,0.0,18.124338,95.3382,11.5199995,16.0
50240,-33.796436,150.987595,231808-webtirf,0.594,CRASH,Unplanned,2025-04-17 07:00:00,0.8841049999999999,0,1,State road,-1.0,Reduce your speed,Exercise caution,0,,Both directions,14.35,0.0,0.0,3.0,13.332909,84.65989,21.24,11.8
68025,-33.816696,150.976623,231036-webtirf,0.231,BREAKDOWN,Unplanned,2025-04-10 22:00:00,0.5,0,0,State road,40.0,Reduced speed limit,Exercise caution,0,,Eastbound,18.7,0.0,0.0,0.0,20.141,87.32387,11.5199995,16.55
7164,-33.81562,150.969238,230878-webtirf,0.027,BREAKDOWN,Unplanned,2025-04-09 11:00:00,0.5,0,0,State road,-1.0,Reduce your speed,Exercise caution,0,,Westbound,21.1,0.1,0.1,51.0,21.72828,63.89361,16.199999,14.0
7179,-33.817272,150.962784,231331-webtirf,0.063,BREAKDOWN,Unplanned,2025-04-14 00:00:00,0.5,0,0,State road,-1.0,Exercise caution,Prepare to merge,0,,Westbound,18.05,0.0,0.0,0.0,19.790373,92.1181,8.28,16.75
50240,-33.796436,150.987595,231407-webtirf,0.216,BREAKDOWN,Unplanned,2025-04-14 09:00:00,0.5,0,0,State road,-1.0,Reduce your speed,Exercise caution,0,,Eastbound,20.3,0.0,0.0,0.0,21.493404,73.697426,15.4800005,15.45
7179,-33.817272,150.962784,230695-webtirf,0.302,BREAKDOWN,Unplanned,2025-04-08 03:00:00,0.8361719444444444,0,0,State road,60.0,Reduced speed limit,Exercise caution,0,,Westbound,15.6,0.0,0.0,1.0,15.693365,87.0377,14.759999,13.45
7179,-33.817272,150.962784,230196-webtirf,0.211,BREAKDOWN,Unplanned,2025-04-03 03:00:00,0.5,0,0,State road,-1.0,Reduce your speed,Prepare to merge,0,,Northbound,13.9,0.0,0.0,0.0,14.443731,94.30824,5.7599998,13.0
50240,-33.796436,150.987595,230884-webtirf,0.21,BREAKDOWN,Unplanned,2025-04-09 16:00:00,0.6012086111111111,0,0,State road,-1.0,Exercise caution,Prepare to merge,0,,Southbound,21.4,0.2,0.2,51.0,21.376535,65.84516,25.919998,14.75
7179,-33.817272,150.962784,232246-webtirf,0.107,CRASH,Unplanned,2025-04-23 02:00:00,0.5,0,1,State road,-1.0,Exercise caution,Reduce your speed,0,,Northbound,18.0,0.5,0.5,53.0,18.22905,89.231285,28.8,16.2
68025,-33.816696,150.976623,231229-webtirf,0.072,BREAKDOWN,Unplanned,2025-04-12 07:00:00,0.6166019444444444,0,0,State road,40.0,Reduced speed limit,Exercise caution,0,,Westbound,16.9,0.0,0.0,1.0,17.724771,92.05089,14.4,15.6
7179,-33.817272,150.962784,232076-webtirf,0.258,CRASH,Unplanned,2025-04-22 00:00:00,0.5114966666666666,0,1,State road,-1.0,Exercise caution,Prepare to merge,0,,Southbound,16.75,0.0,0.0,0.0,15.621012,67.269,18.359999,10.65
68025,-33.816696,150.976623,230277-webtirf,0.439,CRASH,Unplanned,2025-04-03 19:00:00,0.5,0,1,State road,-1.0,Reduce your speed,Prepare to merge,0,,Westbound,20.05,0.0,0.0,0.0,20.578054,71.09225,25.199999,14.65
7179,-33.817272,150.962784,230911-webtirf,0.016,BREAKDOWN,Unplanned,2025-04-09 22:00:00,0.5,0,0,State road,-1.0,Reduce your speed,Prepare to merge,0,,Northbound,17.45,0.0,0.0,0.0,18.24118,83.36796,10.08,14.6
7164,-33.81562,150.969238,230715-webtirf,0.022,CRASH,Unplanned,2025-04-08 06:00:00,0.5,0,1,State road,-1.0,Exercise caution,Expect delays,0,,Eastbound,15.1,0.0,0.0,3.0,15.47677,86.706764,9.72,12.9
7179,-33.817272,150.962784,232337-webtirf,0.101,BREAKDOWN,Unplanned,2025-04-24 00:00:00,0.5,0,0,State road,-1.0,Exercise caution,Reduce your speed,0,,Westbound,16.9,1.3,1.3,61.0,17.87118,89.43173,9.72,15.15
50240,-33.796436,150.987595,229859-webtirf,0.48,CRASH,Unplanned,2025-04-01 06:00:00,0.8311697222222222,0,1,State road,-1.0,Exercise caution,Prepare to merge,0,Heavy,Southbound,16.3,0.0,0.0,1.0,15.356819,79.514114,27.0,12.75
50240,-33.796436,150.987595,230346-webtirf,0.054,BREAKDOWN,Unplanned,2025-04-04 03:00:00,1.5072208333333332,0,0,State road,-1.0,Reduce your speed,Prepare to merge,0,Heavy,Westbound,15.0,0.0,0.0,0.0,15.429945,87.55189,4.68,12.95
50240,-33.796436,150.987595,230346-webtirf,0.054,BREAKDOWN,Unplanned,2025-04-04 04:00:00,1.5072208333333332,1,0,State road,-1.0,Reduce your speed,Prepare to merge,0,Heavy,Westbound,14.5,0.0,0.0,0.0,14.920332,88.952515,5.7599998,12.7
68025,-33.816696,150.976623,229849-webtirf,0.335,BREAKDOWN,Unplanned,2025-04-01 05:00:00,0.5,0,0,State road,-1.0,Reduce your speed,Exercise caution,0,,Westbound,16.8,0.0,0.0,1.0,16.098822,78.55265,25.56,13.05
7179,-33.817272,150.962784,231334-webtirf,0.541,BREAKDOWN,Unplanned,2025-04-14 00:00:00,0.5,0,0,State road,40.0,Reduced speed limit,Exercise caution,0,,Westbound,18.05,0.0,0.0,0.0,19.790373,92.1181,8.28,16.75
7179,-33.817272,150.962784,231695-webtirf,0.193,BREAKDOWN,Unplanned,2025-04-16 09:00:00,0.5,0,0,State road,-1.0,Reduce your speed,Exercise caution,0,,Eastbound,17.3,0.0,0.0,1.0,16.350973,66.93779,23.039999,11.1
7179,-33.817272,150.962784,236706-webtirf,0.206,CRASH,Unplanned,2025-05-25 04:00:00,0.5,0,1,State road,-1.0,Exercise caution, ,0,,Southbound,11.55,0.0,0.0,3.0,9.448954,73.87851,19.44,7.05
7179,-33.817272,150.962784,233309-webtirf,0.32,BREAKDOWN,Unplanned,2025-05-02 02:00:00,0.5,0,0,State road,60.0,Reduced speed limit,Exercise caution,0,,Eastbound,12.2,0.2,0.2,51.0,11.229748,91.767204,18.72,10.9
7179,-33.817272,150.962784,234266-webtirf,0.075,BREAKDOWN,Unplanned,2025-05-11 21:00:00,0.5,0,0,State road,-1.0,Exercise caution, ,0,,Southbound,16.6,0.0,0.0,1.0,17.989082,87.41292,1.4399999,14.5
7179,-33.817272,150.962784,233118-webtirf,0.107,HAZARD,Unplanned,2025-04-30 19:00:00,2.619077777777778,0,1,State road,-1.0,Reduce your speed,Prepare to merge,0,,Westbound,14.35,0.0,0.0,3.0,12.822531,80.29512,29.88,11.0
7179,-33.817272,150.962784,233118-webtirf,0.107,HAZARD,Unplanned,2025-04-30 20:00:00,2.619077777777778,1,1,State road,-1.0,Reduce your speed,Prepare to merge,0,,Westbound,14.2,0.0,0.0,3.0,12.530464,78.68808,28.08,10.55
7179,-33.817272,150.962784,233118-webtirf,0.107,HAZARD,Unplanned,2025-04-30 21:00:00,2.619077777777778,2,1,State road,-1.0,Reduce your speed,Prepare to merge,0,,Westbound,13.8,0.0,0.0,2.0,12.090536,79.155846,28.08,10.25
68025,-33.816696,150.976623,237257-webtirf,0.436,CRASH,Unplanned,2025-05-28 21:00:00,0.5,0,1,State road,-1.0,Exercise caution,Expect delays,0,Heavy,Eastbound,11.95,0.0,0.0,3.0,9.197901,68.81315,27.72,6.4
7179,-33.817272,150.962784,233195-webtirf,0.018,CRASH,Unplanned,2025-05-01 03:00:00,0.5,0,1,State road,-1.0,Prepare to merge,Expect delays,0,,Northbound,12.45,0.0,0.0,1.0,10.309824,80.03074,29.519999,9.1
68025,-33.816696,150.976623,236656-webtirf,0.307,BREAKDOWN,Unplanned,2025-05-24 07:00:00,0.5,0,0,State road,60.0,Reduced speed limit,Exercise caution,0,,Westbound,13.1,0.0,0.0,0.0,10.928126,73.90085,26.64,8.55
50240,-33.796436,150.987595,236126-webtirf,0.436,BREAKDOWN,Unplanned,2025-05-22 08:00:00,0.5,0,0,State road,-1.0,Reduce your speed,Prepare to merge,0,,Northbound,15.4,0.4,0.4,51.0,15.161488,96.21645,26.64,14.8
7179,-33.817272,150.962784,237431-webtirf,0.695,CRASH,Unplanned,2025-05-30 04:00:00,0.5,0,1,State road,40.0,Reduced speed limit,Exercise caution,0,,Westbound,9.05,0.0,0.0,0.0,6.9939947,86.40121,18.0,6.9
50240,-33.796436,150.987595,234192-webtirf,0.067,CRASH,Unplanned,2025-05-10 12:00:00,0.5,0,1,State road,-1.0,Reduce your speed,Prepare to merge,0,,Unknown,19.5,0.0,0.0,2.0,19.571428,63.123863,18.0,12.3
7119-PR,-33.817974,150.981827,233706-webtirf,0.042,BREAKDOWN,Unplanned,2025-05-06 04:00:00,0.5,0,0,State road,-1.0,Reduce your speed,Prepare to merge,0,,Eastbound,13.35,0.0,0.0,1.0,13.612036,97.1052,11.159999,12.9
7179,-33.817272,150.962784,234653-webtirf,0.238,BREAKDOWN,Unplanned,2025-05-15 04:00:00,0.5,0,0,State road,-1.0,Reduce your speed,Exercise caution,0,,Northbound,14.5,0.0,0.0,3.0,14.808937,93.72224,10.799999,13.5
7179,-33.817272,150.962784,233742-webtirf,0.101,CRASH,Unplanned,2025-05-06 10:00:00,0.5,0,1,State road,-1.0,Reduce your speed,Exercise caution,0,,Westbound,16.55,0.0,0.0,0.0,17.333792,84.62453,16.199999,13.95
7179,-33.817272,150.962784,233587-webtirf,0.569,BREAKDOWN,Unplanned,2025-05-05 06:00:00,0.5,0,0,State road,40.0,Reduced speed limit,Exercise caution,0,,Westbound,14.6,0.0,0.0,3.0,15.470175,98.080414,7.5599995,14.3
7179,-33.817272,150.962784,233485-webtirf,0.191,BREAKDOWN,Unplanned,2025-05-04 07:00:00,0.5732211111111111,0,0,State road,-1.0,Exercise caution,Prepare to merge,0,,Eastbound,10.65,0.0,0.0,0.0,9.641993,91.05575,10.799999,9.25
50240,-33.796436,150.987595,233165-webtirf,0.526,CRASH,Unplanned,2025-05-01 00:00:00,0.5,0,1,State road,-1.0,Exercise caution,Prepare to merge,0,,Both directions,12.55,0.1,0.1,51.0,10.854485,85.311165,24.48,10.15
7179,-33.817272,150.962784,234673-webtirf,0.603,CRASH,Unplanned,2025-05-15 05:00:00,0.6708038888888889,0,1,State road,-1.0,Reduce your speed,Prepare to merge,0,,Northbound,14.05,0.0,0.0,3.0,14.047827,93.70093,12.959999,13.05
7119-PR,-33.817974,150.981827,233368-webtirf,0.008,CRASH,Unplanned,2025-05-02 08:00:00,0.5625283333333334,0,1,State road,-1.0,Expect delays,Exercise caution,0,,Westbound,12.4,0.0,0.0,2.0,11.202212,89.67078,20.16,10.75
7179,-33.817272,150.962784,234072-webtirf,0.31,BREAKDOWN,Unplanned,2025-05-09 03:00:00,0.6313380555555556,0,0,State road,60.0,Reduced speed limit,Exercise caution,0,,Westbound,11.1,0.0,0.0,0.0,9.250892,77.69073,15.84,7.35
68025,-33.816696,150.976623,234594-webtirf,0.162,BREAKDOWN,Unplanned,2025-05-14 20:00:00,0.5,0,0,State road,60.0,Reduced speed limit,Exercise caution,0,,Eastbound,16.4,0.0,0.0,0.0,17.82627,92.912476,8.28,15.25
7119-PR,-33.817974,150.981827,235757-webtirf,0.042,BREAKDOWN,Unplanned,2025-05-21 05:00:00,0.810958888888889,0,0,State road,-1.0,Prepare to merge,Exercise caution,0,Heavy,Westbound,14.35,0.0,0.0,3.0,14.319614,88.35882,12.599999,12.45
7179,-33.817272,150.962784,235302-webtirf,0.287,BREAKDOWN,Unplanned,2025-05-19 21:00:00,0.8392661111111112,0,0,State road,-1.0,Exercise caution,Prepare to merge,0,Moderate,Northbound,15.1,0.0,0.0,3.0,12.645166,65.803856,32.760002,8.75
7179,-33.817272,150.962784,235092-webtirf,0.449,BREAKDOWN,Unplanned,2025-05-19 00:00:00,2.134212222222222,0,0,State road,40.0,Reduced speed limit,Exercise caution,0,,Westbound,12.1,0.6,0.6,53.0,9.909567,90.54808,34.92,10.6
7179,-33.817272,150.962784,235092-webtirf,0.449,BREAKDOWN,Unplanned,2025-05-19 01:00:00,2.134212222222222,1,0,State road,40.0,Reduced speed limit,Exercise caution,0,,Westbound,11.8,1.7,1.7,61.0,9.941653,93.592636,33.48,10.8
7179,-33.817272,150.962784,235092-webtirf,0.449,BREAKDOWN,Unplanned,2025-05-19 02:00:00,2.134212222222222,2,0,State road,40.0,Reduced speed limit,Exercise caution,0,,Westbound,11.7,2.8,2.8,63.0,9.925611,93.89955,36.36,10.75
50240,-33.796436,150.987595,233406-webtirf,0.521,BREAKDOWN,Unplanned,2025-05-03 01:00:00,0.5,0,0,State road,-1.0,Exercise caution,Prepare to merge,0,,Southbound,11.55,0.0,0.0,0.0,10.552913,90.81218,13.32,10.1
50240,-33.796436,150.987595,234833-webtirf,0.466,BREAKDOWN,Unplanned,2025-05-16 06:00:00,0.5,0,0,State road,-1.0,Reduce your speed,Exercise caution,0,,Westbound,14.5,2.3,2.3,61.0,14.72365,98.715645,17.64,14.3
7179,-33.817272,150.962784,236020.0-webtirf,0.705,CRASH,Unplanned,2025-05-22 04:00:00,0.5,0,1,State road,40.0,Reduced speed limit,Prepare to merge,0,Heavy,Westbound,15.1,1.0,1.0,55.0,15.632811,98.40426,15.119999,14.85
7164,-33.81562,150.969238,234894-webtirf,0.667,BREAKDOWN,Unplanned,2025-05-17 03:00:00,0.5,0,0,State road,-1.0,Reduce your speed,Prepare to merge,0,,Southbound,13.85,0.0,0.0,3.0,14.252243,99.35275,11.5199995,13.75
7179,-33.817272,150.962784,239450.0-webtirf,0.186,HAZARD,Unplanned,2025-06-18 16:00:00,0.65486,0,1,State road,-1.0,Reduce your speed,Exercise caution,0,,Southbound,14.0,0.0,0.0,0.0,12.840414,60.600163,6.12,6.5
7179,-33.817272,150.962784,238485-webtirf,0.559,BREAKDOWN,Unplanned,2025-06-09 15:00:00,0.5,0,0,State road,40.0,Check signage,Reduced speed limit,0,,Westbound,12.8,0.0,0.0,3.0,8.561309,50.072468,43.199997,2.65
7179,-33.817272,150.962784,240425-webtirf,0.388,CRASH,Unplanned,2025-06-27 23:00:00,0.6886925,0,1,State road,-1.0,Reduce your speed,Prepare to merge,0,,Northbound,9.65,0.0,0.0,1.0,7.6803637,81.853355,15.4800005,6.7
50240,-33.796436,150.987595,239042-webtirf,0.468,BREAKDOWN,Unplanned,2025-06-14 14:00:00,0.5,0,0,State road,-1.0,Exercise caution,Prepare to merge,0,,Eastbound,15.8,0.0,0.0,3.0,14.711815,67.29601,19.08,9.75
7179,-33.817272,150.962784,239869-webtirf,0.648,BREAKDOWN,Unplanned,2025-06-23 02:00:00,0.9205211111111112,0,0,State road,60.0,Check signage,Reduced speed limit,0,,Eastbound,6.1,0.0,0.0,0.0,3.981618,91.6953,11.879999,4.85
7119-PR,-33.817974,150.981827,240483-webtirf,0.254,BREAKDOWN,Unplanned,2025-06-29 04:00:00,0.5,0,0,State road,-1.0,Exercise caution,Prepare to merge,0,,Eastbound,6.45,0.0,0.0,0.0,4.5420856,93.97323,12.959999,5.55
50240,-33.796436,150.987595,239574-webtirf,0.466,CRASH,Unplanned,2025-06-19 10:00:00,1.0376375,0,1,State road,-1.0,Reduce your speed,Exercise caution,0,,Northbound,9.15,0.0,0.0,3.0,7.292774,72.17591,13.32,4.4
50240,-33.796436,150.987595,239574-webtirf,0.466,CRASH,Unplanned,2025-06-19 11:00:00,1.0376375,1,1,State road,-1.0,Reduce your speed,Exercise caution,0,,Northbound,11.4,0.0,0.0,3.0,10.031367,68.46352,12.599999,5.8
68025,-33.816696,150.976623,239904-webtirf,0.225,BREAKDOWN,Unplanned,2025-06-23 06:00:00,0.5,0,0,State road,40.0,Exercise caution,Reduced speed limit,0,,Eastbound,4.6,0.0,0.0,1.0,2.2380853,90.31391,11.879999,3.15
7179,-33.817272,150.962784,238776-webtirf,0.086,BREAKDOWN,Unplanned,2025-06-12 03:00:00,0.5,0,0,State road,-1.0,Reduce your speed,Exercise caution,0,,Northbound,8.0,0.0,0.0,0.0,4.894024,74.80138,24.119999,3.8
7179,-33.817272,150.962784,238536-webtirf,0.513,BREAKDOWN,Unplanned,2025-06-10 02:00:00,2.6108302777777777,0,0,State road,-1.0,Exercise caution, ,0,,Southbound,11.2,0.0,0.0,0.0,7.9489517,70.58529,34.56,6.05
7179,-33.817272,150.962784,238536-webtirf,0.513,BREAKDOWN,Unplanned,2025-06-10 03:00:00,2.6108302777777777,1,0,State road,-1.0,Exercise caution, ,0,,Southbound,11.05,0.0,0.0,0.0,7.863537,72.28125,32.760002,6.25
7179,-33.817272,150.962784,238536-webtirf,0.513,BREAKDOWN,Unplanned,2025-06-10 04:00:00,2.6108302777777777,2,0,State road,-1.0,Exercise caution, ,0,,Southbound,11.0,0.0,0.0,0.0,7.721404,72.02313,34.2,6.15
7164,-33.81562,150.969238,239454-webtirf,0.032,LATE FINISHING ROADWORK,Unplanned,2025-06-18 19:00:00,0.7717558333333333,0,0,State road,-1.0,Expect delays,Allow extra travel time,0,,All directions,8.55,0.0,0.0,0.0,6.9356174,78.37383,6.8399997,5.0
7179,-33.817272,150.962784,239967-webtirf,0.083,CHANGED TRAFFIC CONDITIONS,Unplanned,2025-06-23 23:00:00,0.5,0,0,State road,-1.0,Exercise caution, ,0,,Southbound,14.6,0.0,0.0,0.0,12.7322445,77.70737,29.519999,10.75
50240,-33.796436,150.987595,240322-webtirf,0.051,BREAKDOWN,Unplanned,2025-06-26 19:00:00,0.5,0,0,State road,-1.0,Reduce your speed,Prepare to merge,0,,Westbound,10.1,0.0,0.0,0.0,7.499217,60.075516,12.24,2.7
7179,-33.817272,150.962784,237801-webtirf,0.713,BREAKDOWN,Unplanned,2025-06-02 20:00:00,1.3078975,0,0,State road,60.0,Reduced speed limit,Exercise caution,0,,Eastbound,12.2,0.0,0.0,3.0,12.549814,94.86011,1.8,11.4
7179,-33.817272,150.962784,237801-webtirf,0.713,BREAKDOWN,Unplanned,2025-06-02 21:00:00,1.3078975,1,0,State road,60.0,Reduced speed limit,Exercise caution,0,,Eastbound,11.9,0.0,0.0,3.0,11.791691,96.75209,7.2,11.4
68025,-33.816696,150.976623,239350.0-webtirf,0.219,BREAKDOWN,Unplanned,2025-06-17 22:00:00,0.5,0,0,State road,-1.0,Exercise caution,Reduce your speed,0,,Westbound,9.55,0.0,0.0,0.0,6.503481,68.79931,22.319998,4.1
68025,-33.816696,150.976623,239901-webtirf,0.376,BREAKDOWN,Unplanned,2025-06-23 06:00:00,0.5,0,0,State road,40.0,Exercise caution,Reduced speed limit,0,,Westbound,4.6,0.0,0.0,1.0,2.2380853,90.31391,11.879999,3.15
7164,-33.81562,150.969238,239856-webtirf,0.392,BREAKDOWN,Unplanned,2025-06-23 00:00:00,0.5,0,0,State road,-1.0,Exercise caution, ,0,,Eastbound,7.55,0.0,0.0,1.0,5.6820583,88.67292,11.5199995,5.8
7179,-33.817272,150.962784,238755-webtirf,0.198,BREAKDOWN,Unplanned,2025-06-12 00:00:00,1.5840605555555556,0,0,State road,60.0,Reduced speed limit,Prepare to merge,0,,Eastbound,8.6,0.0,0.0,0.0,5.4733734,72.072,23.039999,3.85
7179,-33.817272,150.962784,238755-webtirf,0.198,BREAKDOWN,Unplanned,2025-06-12 01:00:00,1.5840605555555556,1,0,State road,60.0,Reduced speed limit,Prepare to merge,0,,Eastbound,8.4,0.0,0.0,0.0,5.201147,72.79821,24.48,3.8
7119-PR,-33.817974,150.981827,240298-webtirf,0.004,CRASH,Unplanned,2025-06-26 08:00:00,3.304604722222222,0,1,State road,-1.0,Exercise caution,Reduce your speed,0,,Westbound,7.15,0.0,0.0,0.0,2.692978,58.91288,32.760002,-0.35
7119-PR,-33.817974,150.981827,240298-webtirf,0.004,CRASH,Unplanned,2025-06-26 09:00:00,3.304604722222222,1,1,State road,-1.0,Exercise caution,Reduce your speed,0,,Westbound,8.5,0.0,0.0,0.0,4.2805624,55.726738,34.56,0.15
7119-PR,-33.817974,150.981827,240298-webtirf,0.004,CRASH,Unplanned,2025-06-26 10:00:00,3.304604722222222,2,1,State road,-1.0,Exercise caution,Reduce your speed,0,,Westbound,10.15,0.0,0.0,0.0,5.904808,51.336716,35.64,0.55
7119-PR,-33.817974,150.981827,240298-webtirf,0.004,CRASH,Unplanned,2025-06-26 11:00:00,3.304604722222222,3,1,State road,-1.0,Exercise caution,Reduce your speed,0,,Westbound,12.15,0.0,0.0,0.0,8.02792,44.961716,37.44,0.55
68025,-33.816696,150.976623,239398-webtirf,0.238,BREAKDOWN,Unplanned,2025-06-18 04:00:00,0.5,0,0,State road,40.0,Reduced speed limit,Exercise caution,0,,Westbound,8.05,0.0,0.0,0.0,4.504387,70.7074,27.0,3.05
68025,-33.816696,150.976623,239820.0-webtirf,0.695,CRASH,Unplanned,2025-06-22 19:00:00,0.5,0,1,State road,-1.0,Exercise caution,Prepare to merge,0,,Westbound,11.0,0.0,0.0,3.0,9.776912,78.4755,5.7599998,7.4
7179,-33.817272,150.962784,239901-webtirf,0.572,BREAKDOWN,Unplanned,2025-06-23 06:00:00,0.5,0,0,State road,-1.0, , ,0,,Westbound,4.6,0.0,0.0,1.0,2.2380853,90.31391,11.879999,3.15
7179,-33.817272,150.962784,242544-webtirf,0.692,CRASH,Unplanned,2025-07-17 20:00:00,0.5795527777777777,0,1,State road,40.0,Reduced speed limit,Exercise caution,0,,Westbound,9.6,0.0,0.0,3.0,8.062574,77.72396,5.3999996,5.9
7179,-33.817272,150.962784,243960.0-webtirf,0.038,CRASH,Unplanned,2025-07-31 07:00:00,3.021993611111111,0,1,State road,-1.0,Reduce your speed,Prepare to merge,0,,Southbound,9.75,0.1,0.1,51.0,7.0805416,84.4293,30.599998,7.25
7179,-33.817272,150.962784,243960.0-webtirf,0.038,CRASH,Unplanned,2025-07-31 08:00:00,3.021993611111111,1,1,State road,-1.0,Reduce your speed,Prepare to merge,0,,Southbound,10.05,0.1,0.1,51.0,7.2992706,84.46332,30.599998,7.55
7179,-33.817272,150.962784,243960.0-webtirf,0.038,CRASH,Unplanned,2025-07-31 09:00:00,3.021993611111111,2,1,State road,-1.0,Reduce your speed,Prepare to merge,0,,Southbound,11.15,0.2,0.2,51.0,9.05651,82.88655,33.12,8.35
7179,-33.817272,150.962784,243960.0-webtirf,0.038,CRASH,Unplanned,2025-07-31 10:00:00,3.021993611111111,3,1,State road,-1.0,Reduce your speed,Prepare to merge,0,,Southbound,12.65,0.3,0.3,51.0,9.644949,73.07276,36.0,7.95
7179,-33.817272,150.962784,241392-webtirf,0.191,BREAKDOWN,Unplanned,2025-07-05 05:00:00,0.5469655555555556,0,0,State road,-1.0,Reduce your speed,Prepare to merge,0,,Eastbound,6.1,0.0,0.0,0.0,4.4437456,96.601585,8.64,5.6
7179,-33.817272,150.962784,241746-webtirf,0.129,HAZARD,Unplanned,2025-07-09 21:00:00,1.261851388888889,0,1,State road,-1.0,Exercise caution,Expect delays,0,Heavy,Southbound,12.95,0.0,0.0,2.0,11.435052,69.72646,13.679999,7.55
7179,-33.817272,150.962784,241746-webtirf,0.129,HAZARD,Unplanned,2025-07-09 22:00:00,1.261851388888889,1,1,State road,-1.0,Exercise caution,Expect delays,0,Heavy,Southbound,12.45,0.0,0.0,3.0,10.78997,71.80228,12.959999,7.5
50240,-33.796436,150.987595,241835-webtirf,0.504,BREAKDOWN,Unplanned,2025-07-10 05:00:00,0.6875872222222221,0,0,State road,-1.0,Prepare to merge,Exercise caution,0,,Northbound,11.4,0.0,0.0,0.0,8.212685,66.13132,27.72,5.3
68025,-33.816696,150.976623,243439-webtirf,0.178,BREAKDOWN,Unplanned,2025-07-26 07:00:00,0.8959647222222222,0,0,State road,40.0,Check signage,Reduced speed limit,0,,Eastbound,10.5,1.4,1.4,61.0,7.6456757,86.83972,32.760002,8.4
7179,-33.817272,150.962784,241224-webtirf,0.193,BREAKDOWN,Unplanned,2025-07-03 10:00:00,0.5,0,0,State road,-1.0,Reduce your speed,Prepare to merge,0,,Eastbound,14.75,0.0,0.0,0.0,11.782913,63.750866,36.719997,7.95
50240,-33.796436,150.987595,242161-webtirf,0.216,CRASH,Unplanned,2025-07-14 19:00:00,0.5,0,1,State road,-1.0,Reduce your speed,Prepare to merge,0,,Northbound,10.25,0.0,0.0,0.0,8.48425,69.425316,6.4799995,4.9
50240,-33.796436,150.987595,241117-webtirf,0.51,CRASH,Unplanned,2025-07-02 14:00:00,0.5,0,1,State road,-1.0,Reduce your speed,Prepare to merge,0,,Westbound,16.1,0.0,0.0,3.0,12.637625,64.92077,55.8,9.5
68025,-33.816696,150.976623,241319-webtirf,0.411,BREAKDOWN,Unplanned,2025-07-04 06:00:00,0.7342841666666666,0,0,State road,40.0,Reduced speed limit,Exercise caution,0,Moderate,Westbound,9.65,0.0,0.0,0.0,6.8749113,74.82695,25.199999,5.4
68025,-33.816696,150.976623,242498-webtirf,0.071,BREAKDOWN,Unplanned,2025-07-17 05:00:00,0.5,0,0,State road,40.0,Check signage,Reduced speed limit,0,,Westbound,3.5,0.0,0.0,3.0,0.7742257,91.52646,14.04,2.25
7164,-33.81562,150.969238,241463-webtirf,0.047,BREAKDOWN,Unplanned,2025-07-06 14:00:00,0.5824377777777777,0,0,State road,-1.0,Reduce your speed,Prepare to merge,0,,Westbound,20.0,0.0,0.0,3.0,19.455128,62.00497,26.64,12.5
50240,-33.796436,150.987595,240656-webtirf,0.086,BREAKDOWN,Unplanned,2025-06-30 20:00:00,0.7639683333333334,0,0,State road,-1.0,Reduce your speed,Exercise caution,0,,Eastbound,11.85,0.0,0.0,3.0,10.10125,81.86046,20.16,8.85
50240,-33.796436,150.987595,241879-webtirf,0.038,CRASH,Unplanned,2025-07-10 20:00:00,0.5,0,1,State road,-1.0,Reduce your speed,Exercise caution,0,,Eastbound,9.9,0.0,0.0,1.0,5.2901382,60.884735,41.039997,2.7
68025,-33.816696,150.976623,241915-webtirf,0.417,BREAKDOWN,Unplanned,2025-07-11 01:00:00,0.5,0,0,State road,40.0,Check signage,Reduced speed limit,0,,Eastbound,10.35,0.0,0.0,1.0,6.0193024,59.712452,39.96,2.85
7179,-33.817272,150.962784,242474-webtirf,0.009,BREAKDOWN,Unplanned,2025-07-17 01:00:00,0.5,0,0,State road,-1.0,Exercise caution,Prepare to merge,0,,Southbound,6.2,0.0,0.0,0.0,3.4048615,80.822,16.56,3.15
7179,-33.817272,150.962784,241459-webtirf,0.198,BREAKDOWN,Unplanned,2025-07-06 10:00:00,0.5,0,0,State road,-1.0,Exercise caution, ,0,,Southbound,15.05,0.0,0.0,1.0,13.855635,74.24112,21.599998,10.5
7179,-33.817272,150.962784,242021-webtirf,0.151,BREAKDOWN,Unplanned,2025-07-12 04:00:00,0.5,0,0,State road,-1.0,Reduce your speed,Exercise caution,0,,Eastbound,10.65,0.0,0.0,0.0,8.353788,73.71826,20.880001,6.15
7179,-33.817272,150.962784,243357-webtirf,0.134,BREAKDOWN,Unplanned,2025-07-25 11:00:00,0.9021219444444444,0,0,State road,-1.0,Reduce your speed,Prepare to merge,0,,Westbound,11.35,0.0,0.0,2.0,9.64601,63.858234,15.4800005,4.75
7179,-33.817272,150.962784,242124-webtirf,0.145,CRASH,Unplanned,2025-07-14 05:00:00,0.7937191666666668,0,1,State road,-1.0,Reduce your speed,Exercise caution,0,,Westbound,9.1,0.0,0.0,0.0,6.904728,69.19156,19.08,3.75
68025,-33.816696,150.976623,240828-webtirf,0.337,CRASH,Unplanned,2025-07-01 11:00:00,0.5,0,1,State road,-1.0,Exercise caution,Reduce your speed,0,,Westbound,12.5,2.0,2.0,61.0,7.8207626,81.12233,66.6,9.35
7179,-33.817272,150.962784,242996-webtirf,0.502,BREAKDOWN,Unplanned,2025-07-22 23:00:00,0.9283291666666666,0,0,State road,40.0,Reduced speed limit,Exercise caution,0,,Westbound,12.9,0.0,0.0,0.0,11.790262,85.06444,16.56,10.45
50240,-33.796436,150.987595,243623-webtirf,0.504,BREAKDOWN,Unplanned,2025-07-28 23:00:00,0.5,0,0,State road,-1.0,Exercise caution,Prepare to merge,0,Moderate,Eastbound,10.9,0.0,0.0,0.0,7.638301,69.797806,30.599998,5.6
7164,-33.81562,150.969238,245626-webtirf,0.024,BREAKDOWN,Unplanned,2025-08-13 22:00:00,0.5,0,0,State road,-1.0,Reduce your speed,Exercise caution,0,,Westbound,10.9,0.0,0.0,3.0,9.505056,87.1723,15.84,8.85
68025,-33.816696,150.976623,245908-webtirf,0.092,HAZARD,Unplanned,2025-08-16 04:00:00,0.5303141666666666,0,1,State road,40.0,Reduced speed limit,Exercise caution,0,,Westbound,10.6,0.0,0.0,3.0,8.3620615,72.197174,19.8,5.8
7179,-33.817272,150.962784,247279-webtirf,0.038,TRAFFIC LIGHTS FLASHING YELLOW,Unplanned,2025-08-26 05:00:00,1.0688830555555555,0,0,State road,-1.0,Reduce your speed,Exercise caution,0,,All directions,11.05,0.0,0.0,0.0,10.360084,93.24356,14.04,10.0
7179,-33.817272,150.962784,247279-webtirf,0.038,TRAFFIC LIGHTS FLASHING YELLOW,Unplanned,2025-08-26 06:00:00,1.0688830555555555,1,0,State road,-1.0,Reduce your speed,Exercise caution,0,,All directions,10.15,0.0,0.0,0.0,9.450068,95.7389,8.64,9.5
7179,-33.817272,150.962784,244317-webtirf,0.267,BREAKDOWN,Unplanned,2025-08-03 00:00:00,2.399690555555556,0,0,State road,40.0,Reduced speed limit,Exercise caution,0,,Eastbound,12.5,1.2,1.2,55.0,10.3121805,93.317566,46.8,11.45
7179,-33.817272,150.962784,244317-webtirf,0.267,BREAKDOWN,Unplanned,2025-08-03 01:00:00,2.399690555555556,1,0,State road,40.0,Reduced speed limit,Exercise caution,0,,Eastbound,12.8,1.6,1.6,61.0,11.474548,92.41297,38.16,11.6
7179,-33.817272,150.962784,244317-webtirf,0.267,BREAKDOWN,Unplanned,2025-08-03 02:00:00,2.399690555555556,2,0,State road,40.0,Reduced speed limit,Exercise caution,0,,Eastbound,13.2,0.5,0.5,53.0,10.7276,87.96834,36.719997,11.25
7179,-33.817272,150.962784,244105-webtirf,0.008,CRASH,Unplanned,2025-08-01 22:00:00,0.5,0,1,State road,-1.0,Exercise caution,Prepare to merge,0,Moderate,Southbound,9.3,0.6,0.6,53.0,7.3620577,96.68588,20.519999,8.8
7179,-33.817272,150.962784,244521-webtirf,0.753,BREAKDOWN,Unplanned,2025-08-04 01:00:00,0.5,0,0,State road,-1.0,Exercise caution, ,0,,Westbound,11.6,0.0,0.0,1.0,10.552269,98.03534,18.359999,11.3
68025,-33.816696,150.976623,247681-webtirf,0.483,BREAKDOWN,Unplanned,2025-08-29 14:00:00,0.5,0,0,State road,40.0,Reduced speed limit,Exercise caution,0,,Westbound,19.25,0.0,0.0,1.0,14.056202,31.002289,52.56,1.7
7164,-33.81562,150.969238,247764-webtirf,0.306,CRASH,Unplanned,2025-08-31 05:00:00,0.5,0,1,State road,-1.0,Reduce your speed,Exercise caution,0,,Westbound,7.25,0.0,0.0,0.0,3.911088,67.83398,21.24,1.7
68025,-33.816696,150.976623,244708-webtirf,0.094,BREAKDOWN,Unplanned,2025-08-05 03:00:00,0.5,0,0,State road,-1.0,Reduce your speed,Prepare to merge,0,,Westbound,9.45,0.0,0.0,1.0,8.760974,98.99658,7.2,9.3
68025,-33.816696,150.976623,247053-webtirf,0.496,BREAKDOWN,Unplanned,2025-08-24 04:00:00,0.9809866666666668,0,0,State road,40.0,Check signage,Reduced speed limit,0,,Westbound,12.55,0.0,0.0,3.0,11.405394,80.58528,13.32,9.3
7164,-33.81562,150.969238,247466-webtirf,0.265,BREAKDOWN,Unplanned,2025-08-28 00:00:00,0.8735219444444444,0,0,State road,40.0,Reduced speed limit,Check signage,0,,Westbound,13.1,0.0,0.0,1.0,9.915442,62.29256,33.839996,6.05
68025,-33.816696,150.976623,245049-webtirf,0.117,HAZARD,Unplanned,2025-08-08 00:00:00,1.626724722222222,0,1,State road,-1.0,Expect delays, ,0,Heavy,Westbound,8.7,0.0,0.0,3.0,6.997614,89.38079,12.599999,7.05
68025,-33.816696,150.976623,245049-webtirf,0.117,HAZARD,Unplanned,2025-08-08 01:00:00,1.626724722222222,1,1,State road,-1.0,Expect delays, ,0,Heavy,Westbound,8.6,0.0,0.0,3.0,6.731761,89.066956,14.759999,6.9
50240,-33.796436,150.987595,247511-webtirf,0.466,BREAKDOWN,Unplanned,2025-08-28 04:00:00,1.3718383333333335,0,0,State road,-1.0,Exercise caution,Prepare to merge,0,,Northbound,11.75,0.0,0.0,1.0,7.7001076,59.845963,39.96,4.2
50240,-33.796436,150.987595,247511-webtirf,0.466,BREAKDOWN,Unplanned,2025-08-28 05:00:00,1.3718383333333335,1,0,State road,-1.0,Exercise caution,Prepare to merge,0,,Northbound,11.2,0.0,0.0,0.0,7.948327,58.668392,38.88,3.4
7179,-33.817272,150.962784,244633-webtirf,0.374,CRASH,Unplanned,2025-08-04 08:00:00,0.6488849999999999,0,1,State road,-1.0,Exercise caution, ,0,,Westbound,11.65,0.0,0.0,1.0,10.841894,96.10629,14.759999,11.05
7179,-33.817272,150.962784,247537-webtirf,0.152,BREAKDOWN,Unplanned,2025-08-28 06:00:00,0.6090702777777777,0,0,State road,-1.0,Reduce your speed,Exercise caution,0,Heavy,Unknown,10.85,0.0,0.0,0.0,7.5220375,55.941616,28.08,2.4
7164,-33.81562,150.969238,247551-webtirf,0.029,CRASH,Unplanned,2025-08-28 08:00:00,0.9072708333333334,0,1,State road,-1.0,Exercise caution,Prepare to merge,0,,Eastbound,12.2,0.0,0.0,0.0,9.7455225,58.71166,15.4800005,4.35
7179,-33.817272,150.962784,245017-webtirf,0.11,BREAKDOWN,Unplanned,2025-08-07 21:00:00,1.0613522222222225,0,0,State road,-1.0,Reduce your speed, ,0,,Eastbound,10.0,0.0,0.0,1.0,8.244335,85.32612,15.4800005,7.65
7179,-33.817272,150.962784,245017-webtirf,0.11,BREAKDOWN,Unplanned,2025-08-07 22:00:00,1.0613522222222225,1,0,State road,-1.0,Reduce your speed, ,0,,Eastbound,9.2,0.0,0.0,1.0,7.4010353,87.3081,16.199999,7.2
68025,-33.816696,150.976623,246472-webtirf,0.226,BREAKDOWN,Unplanned,2025-08-20 20:00:00,0.5,0,0,State road,40.0,Reduced speed limit,Exercise caution,0,,Westbound,11.4,0.5,0.5,53.0,9.938244,96.41868,22.319998,10.85
7179,-33.817272,150.962784,246153-webtirf,0.403,BREAKDOWN,Unplanned,2025-08-19 03:00:00,0.5,0,0,State road,-1.0,Reduce your speed,Exercise caution,0,,Eastbound,8.25,0.2,0.2,51.0,6.602124,94.37862,11.879999,7.4
7179,-33.817272,150.962784,246178-webtirf,0.289,CRASH,Unplanned,2025-08-19 06:00:00,0.7222858333333333,0,1,State road,-1.0,Exercise caution,Reduce your speed,0,,Northbound,7.75,0.1,0.1,51.0,6.17854,95.33171,10.799999,7.05
68025,-33.816696,150.976623,246224-webtirf,0.144,BREAKDOWN,Unplanned,2025-08-19 18:00:00,0.9093277777777776,0,0,State road,60.0,Reduced speed limit,Exercise caution,0,,Eastbound,11.8,0.0,0.0,2.0,10.696213,87.8437,15.119999,9.85
7179,-33.817272,150.962784,246991-webtirf,0.141,BREAKDOWN,Unplanned,2025-08-23 00:00:00,0.5,0,0,State road,-1.0,Reduce your speed,Prepare to merge,0,,Southbound,12.5,0.0,0.0,1.0,12.029718,96.44892,15.119999,11.95
50240,-33.796436,150.987595,245595-webtirf,0.503,BREAKDOWN,Unplanned,2025-08-13 07:00:00,0.5,0,0,State road,-1.0,Exercise caution,Prepare to merge,0,,Northbound,5.45,0.0,0.0,3.0,3.5665593,98.96418,9.36,5.3
7179,-33.817272,150.962784,245989-webtirf,0.156,BREAKDOWN,Unplanned,2025-08-17 21:00:00,0.780885,0,0,State road,60.0,Reduced speed limit,Exercise caution,0,,Westbound,9.15,0.0,0.0,0.0,6.4752417,65.869415,16.199999,3.1
7179,-33.817272,150.962784,245069-webtirf,0.125,BREAKDOWN,Unplanned,2025-08-08 03:00:00,0.5,0,0,State road,-1.0,Exercise caution,Prepare to merge,0,,Westbound,9.4,0.0,0.0,3.0,7.538369,84.10056,15.119999,6.85
7179,-33.817272,150.962784,245599-webtirf,0.172,CRASH,Unplanned,2025-08-13 08:00:00,0.5,0,1,State road,-1.0,Reduce your speed,Prepare to merge,0,,Northbound,6.9,0.0,0.0,0.0,5.1581154,91.74626,14.04,5.65
7119-PR,-33.817974,150.981827,247561-webtirf,0.042,CRASH,Unplanned,2025-08-28 11:00:00,0.5,0,1,State road,-1.0,Reduce your speed,Prepare to merge,0,,Westbound,16.95,0.0,0.0,0.0,13.697002,41.57259,37.8,3.8
68025,-33.816696,150.976623,245196-webtirf,0.265,BREAKDOWN,Unplanned,2025-08-09 17:00:00,0.5,0,0,State road,-1.0,Reduce your speed,Exercise caution,0,,Westbound,13.45,0.1,0.1,51.0,11.901524,81.79257,24.84,10.4
7179,-33.817272,150.962784,245369-webtirf,0.286,BREAKDOWN,Unplanned,2025-08-11 06:00:00,0.5,0,0,State road,-1.0,Exercise caution, ,0,,Southbound,7.75,0.0,0.0,0.0,5.842901,94.68077,16.56,6.95
7179,-33.817272,150.962784,245787-webtirf,0.193,BREAKDOWN,Unplanned,2025-08-14 23:00:00,0.5,0,0,State road,-1.0,Exercise caution, ,0,,Eastbound,10.7,0.1,0.1,51.0,9.883341,92.601974,14.759999,9.55
7179,-33.817272,150.962784,247538-webtirf,0.687,BREAKDOWN,Unplanned,2025-08-28 06:00:00,0.5,0,0,State road,40.0,Check signage,Reduced speed limit,0,Heavy,Westbound,10.85,0.0,0.0,0.0,7.5220375,55.941616,28.08,2.4
68025,-33.816696,150.976623,245396-webtirf,0.391,BREAKDOWN,Unplanned,2025-08-11 21:00:00,1.204178611111111,0,0,State road,-1.0,Allow extra travel time, ,0,Heavy,Westbound,10.0,0.0,0.0,0.0,8.525648,89.484024,13.679999,8.35
68025,-33.816696,150.976623,245396-webtirf,0.391,BREAKDOWN,Unplanned,2025-08-11 22:00:00,1.204178611111111,1,0,State road,-1.0,Allow extra travel time, ,0,Heavy,Westbound,9.55,0.0,0.0,0.0,7.9205217,89.448456,14.759999,7.9
7179,-33.817272,150.962784,245089-webtirf,0.653,BREAKDOWN,Unplanned,2025-08-08 06:00:00,0.5644902777777777,0,0,State road,-1.0,Reduce your speed,Prepare to merge,0,,Southbound,8.75,0.0,0.0,3.0,6.941823,84.898,13.679999,6.35
7179,-33.817272,150.962784,245514-webtirf,0.1,CRASH,Unplanned,2025-08-12 12:00:00,0.6290916666666667,0,1,State road,-1.0,Exercise caution,Prepare to merge,0,,Northbound,15.2,0.0,0.0,0.0,14.804962,66.71959,18.72,9.05
7119-PR,-33.817974,150.981827,246391-webtirf,0.006,CRASH,Unplanned,2025-08-20 06:00:00,0.5,0,1,State road,-1.0,Exercise caution, ,0,,Westbound,7.95,0.1,0.1,51.0,6.620783,95.99286,7.2,7.35
68025,-33.816696,150.976623,249891-webtirf,0.56,CRASH,Unplanned,2025-09-17 20:00:00,0.8043655555555556,0,1,State road,-1.0,Expect delays, ,0,Heavy,Westbound,15.9,0.0,0.0,0.0,13.076756,51.987576,25.56,6.05
50240,-33.796436,150.987595,250941-webtirf,0.478,CRASH,Unplanned,2025-09-28 19:00:00,0.5,0,1,State road,-1.0,Exercise caution, ,0,,Southbound,18.45,0.0,0.0,1.0,18.133615,75.79617,31.68,14.1
50240,-33.796436,150.987595,247979-webtirf,0.574,TRAFFIC LIGHTS BLACKED OUT,Unplanned,2025-09-02 03:00:00,2.625796111111111,0,0,State road,-1.0,Reduce your speed,Exercise caution,0,,All directions,9.15,0.0,0.0,1.0,7.890254,95.05972,11.879999,8.4
50240,-33.796436,150.987595,247979-webtirf,0.574,TRAFFIC LIGHTS BLACKED OUT,Unplanned,2025-09-02 04:00:00,2.625796111111111,1,0,State road,-1.0,Reduce your speed,Exercise caution,0,,All directions,8.75,0.0,0.0,3.0,7.328739,95.69237,11.5199995,8.1
50240,-33.796436,150.987595,247979-webtirf,0.574,TRAFFIC LIGHTS BLACKED OUT,Unplanned,2025-09-02 05:00:00,2.625796111111111,2,0,State road,-1.0,Reduce your speed,Exercise caution,0,,All directions,8.5,0.0,0.0,3.0,7.344042,94.38947,11.5199995,7.65
68025,-33.816696,150.976623,248731-webtirf,0.405,BREAKDOWN,Unplanned,2025-09-09 18:00:00,2.07799,0,0,State road,40.0,Reduced speed limit,Prepare to merge,0,,Westbound,20.85,0.0,0.0,1.0,22.174044,71.01273,6.8399997,15.4
68025,-33.816696,150.976623,248731-webtirf,0.405,BREAKDOWN,Unplanned,2025-09-09 19:00:00,2.07799,1,0,State road,40.0,Reduced speed limit,Prepare to merge,0,,Westbound,19.4,0.0,0.0,0.0,21.07354,81.75227,7.92,16.2
68025,-33.816696,150.976623,248731-webtirf,0.405,BREAKDOWN,Unplanned,2025-09-09 20:00:00,2.07799,2,0,State road,40.0,Reduced speed limit,Prepare to merge,0,,Westbound,18.5,0.0,0.0,3.0,20.260351,84.56512,6.12,15.85
7179,-33.817272,150.962784,248977-webtirf,0.294,CRASH,Unplanned,2025-09-10 06:00:00,0.5,0,1,State road,-1.0,Exercise caution, ,0,,Southbound,15.3,1.2,1.2,55.0,15.735748,91.955956,12.959999,14.0
7179,-33.817272,150.962784,248567-webtirf,0.195,BREAKDOWN,Unplanned,2025-09-08 06:00:00,0.5,0,0,State road,-1.0,Exercise caution,Reduce your speed,0,,Eastbound,15.95,0.0,0.0,0.0,13.525225,59.63159,26.28,8.1
50240,-33.796436,150.987595,250927-webtirf,0.102,BREAKDOWN,Unplanned,2025-09-28 07:00:00,0.5,0,0,State road,-1.0,Reduce your speed,Prepare to merge,0,,Eastbound,20.6,0.0,0.0,0.0,17.666763,40.06654,34.56,6.55
7179,-33.817272,150.962784,249542-webtirf,0.101,BREAKDOWN,Unplanned,2025-09-14 21:00:00,0.5813816666666667,0,0,State road,-1.0,Reduce your speed,Exercise caution,0,,Westbound,14.4,0.0,0.0,0.0,13.647398,74.1284,20.880001,9.85
7179,-33.817272,150.962784,249440.0-webtirf,0.098,BREAKDOWN,Unplanned,2025-09-12 11:00:00,0.5,0,0,State road,-1.0,Reduce your speed,Exercise caution,0,,Westbound,16.7,0.0,0.0,0.0,17.123663,57.823174,17.28,8.35
7179,-33.817272,150.962784,249440-webtirf,0.098,BREAKDOWN,Unplanned,2025-09-12 11:00:00,0.5,0,0,State road,-1.0,Reduce your speed,Exercise caution,0,,Westbound,16.7,0.0,0.0,0.0,17.123663,57.823174,17.28,8.35
50240,-33.796436,150.987595,248308-webtirf,0.447,BREAKDOWN,Unplanned,2025-09-05 05:00:00,0.9155247222222224,0,0,State road,-1.0,Reduce your speed,Exercise caution,0,Moderate,Northbound,10.2,0.0,0.0,0.0,7.4663982,71.62313,20.16,5.3
7179,-33.817272,150.962784,251127-webtirf,0.438,BREAKDOWN,Unplanned,2025-09-30 06:00:00,0.8054544444444445,0,0,State road,40.0,Reduced speed limit,Exercise caution,0,,Westbound,14.3,0.0,0.0,2.0,14.760214,98.07599,10.440001,14.0
50240,-33.796436,150.987595,247978-webtirf,0.094,TRAFFIC LIGHTS BLACKED OUT,Unplanned,2025-09-02 03:00:00,1.7222158333333333,0,0,State road,-1.0,Reduce your speed,Exercise caution,0,,All directions,9.15,0.0,0.0,1.0,7.890254,95.05972,11.879999,8.4
50240,-33.796436,150.987595,247978-webtirf,0.094,TRAFFIC LIGHTS BLACKED OUT,Unplanned,2025-09-02 04:00:00,1.7222158333333333,1,0,State road,-1.0,Reduce your speed,Exercise caution,0,,All directions,8.75,0.0,0.0,3.0,7.328739,95.69237,11.5199995,8.1
7164,-33.81562,150.969238,249587-webtirf,0.267,BREAKDOWN,Unplanned,2025-09-15 04:00:00,1.4999319444444446,0,0,State road,-1.0, , ,0,,Unknown,9.45,0.0,0.0,0.0,8.090457,77.43206,4.32,5.7
7164,-33.81562,150.969238,249587-webtirf,0.267,BREAKDOWN,Unplanned,2025-09-15 05:00:00,1.4999319444444446,1,0,State road,-1.0, , ,0,,Unknown,8.8,0.0,0.0,0.0,7.5029335,81.17843,3.6,5.75
7179,-33.817272,150.962784,249416-webtirf,0.191,BREAKDOWN,Unplanned,2025-09-12 06:00:00,0.5,0,0,State road,-1.0,Reduce your speed,Prepare to merge,0,,Eastbound,9.3,0.0,0.0,0.0,7.3372707,82.94135,14.759999,6.55
68025,-33.816696,150.976623,250269-webtirf,0.516,BREAKDOWN,Unplanned,2025-09-22 02:00:00,1.167028888888889,0,0,State road,-1.0,Exercise caution,Reduce your speed,0,,Eastbound,11.0,0.0,0.0,2.0,10.146346,77.41001,3.6,7.2
68025,-33.816696,150.976623,250269-webtirf,0.516,BREAKDOWN,Unplanned,2025-09-22 03:00:00,1.167028888888889,1,0,State road,-1.0,Exercise caution,Reduce your speed,0,,Eastbound,11.0,0.0,0.0,2.0,9.452024,74.80201,9.72,6.7
7179,-33.817272,150.962784,252572-webtirf,0.353,CRASH,Unplanned,2025-10-14 10:00:00,3.6148125,0,1,State road,40.0,Reduced speed limit,Exercise caution,0,,Westbound,20.15,0.0,0.0,0.0,18.387907,42.633263,32.039997,7.05
7179,-33.817272,150.962784,252572-webtirf,0.353,CRASH,Unplanned,2025-10-14 11:00:00,3.6148125,1,1,State road,40.0,Reduced speed limit,Exercise caution,0,,Westbound,21.8,0.0,0.0,0.0,21.145216,34.499622,29.16,5.45
7179,-33.817272,150.962784,252572-webtirf,0.353,CRASH,Unplanned,2025-10-14 12:00:00,3.6148125,2,1,State road,40.0,Reduced speed limit,Exercise caution,0,,Westbound,23.45,0.0,0.0,0.0,23.154503,29.213964,27.72,4.5
7179,-33.817272,150.962784,252572-webtirf,0.353,CRASH,Unplanned,2025-10-14 13:00:00,3.6148125,3,1,State road,40.0,Reduced speed limit,Exercise caution,0,,Westbound,24.8,0.0,0.0,0.0,25.146614,29.48943,28.08,5.8
68025,-33.816696,150.976623,253103-webtirf,0.174,BUILDING FIRE,Unplanned,2025-10-19 08:00:00,1.882481111111111,0,1,State road,-1.0,Reduce your speed,Exercise caution,0,,Eastbound,17.55,0.0,0.0,2.0,17.653696,70.62121,12.599999,12.15
68025,-33.816696,150.976623,253103-webtirf,0.174,BUILDING FIRE,Unplanned,2025-10-19 09:00:00,1.882481111111111,1,1,State road,-1.0,Reduce your speed,Exercise caution,0,,Eastbound,19.7,0.0,0.0,3.0,19.28175,61.328083,21.599998,12.05
7179,-33.817272,150.962784,254104-webtirf,0.137,CRASH,Unplanned,2025-10-29 02:00:00,0.5201958333333333,0,1,State road,40.0,Reduced speed limit,Exercise caution,0,Moderate,Westbound,12.1,0.0,0.0,3.0,11.382997,85.54941,11.5199995,9.75
68025,-33.816696,150.976623,254019-webtirf,0.33,CRASH,Unplanned,2025-10-28 09:00:00,0.6295680555555556,0,1,State road,-1.0,Expect delays,Exercise caution,0,Heavy,Westbound,14.05,0.0,0.0,3.0,12.242983,61.24018,20.16,6.7
68025,-33.816696,150.976623,252792-webtirf,0.377,CRASH,Unplanned,2025-10-16 06:00:00,0.5,0,1,State road,40.0,Reduced speed limit,Prepare to merge,0,Heavy,Westbound,13.95,0.0,0.0,0.0,15.026567,97.75247,2.8799999,13.6
50240,-33.796436,150.987595,252780-webtirf,0.073,BREAKDOWN,Unplanned,2025-10-16 04:00:00,0.5,0,0,State road,-1.0,Reduce your speed,Prepare to merge,0,,Eastbound,15.25,0.0,0.0,0.0,16.27378,91.95294,2.8799999,13.95
7179,-33.817272,150.962784,251526-webtirf,0.697,BREAKDOWN,Unplanned,2025-10-03 06:00:00,0.5,0,0,State road,-1.0,Exercise caution,Expect delays,0,Heavy,Westbound,11.0,0.0,0.0,0.0,8.240747,54.410194,17.28,2.15
68025,-33.816696,150.976623,252465-webtirf,0.369,CRASH,Unplanned,2025-10-13 21:00:00,1.5304655555555555,0,1,State road,-1.0,Expect delays, ,0,Heavy,Westbound,15.4,0.0,0.0,1.0,13.922724,64.3307,23.039999,8.7
68025,-33.816696,150.976623,252465-webtirf,0.369,CRASH,Unplanned,2025-10-13 22:00:00,1.5304655555555555,1,1,State road,-1.0,Expect delays, ,0,Heavy,Westbound,15.15,0.0,0.0,1.0,14.286274,66.2605,17.64,8.9
7179,-33.817272,150.962784,252803-webtirf,0.144,CRASH,Unplanned,2025-10-16 08:00:00,0.7386697222222222,0,1,State road,-1.0,Exercise caution, ,0,,Westbound,17.15,0.0,0.0,0.0,17.555393,77.08112,15.4800005,13.1
7179,-33.817272,150.962784,254246-webtirf,0.182,BREAKDOWN,Unplanned,2025-10-30 05:00:00,0.9716255555555556,0,0,State road,40.0,Reduced speed limit,Exercise caution,0,Moderate,Westbound,13.7,0.0,0.0,0.0,13.94803,97.74814,10.440001,13.35
7119-PR,-33.817974,150.981827,251248-webtirf,0.041,CRASH,Unplanned,2025-10-01 05:00:00,0.5,0,1,State road,-1.0,Reduce your speed,Exercise caution,0,,Westbound,18.05,0.0,0.0,3.0,15.550087,48.59608,26.64,7.05
7179,-33.817272,150.962784,252697-webtirf,0.13,CRASH,Unplanned,2025-10-15 13:00:00,2.4810933333333334,0,1,State road,-1.0,Reduce your speed,Prepare to merge,0,,Southbound,27.95,0.0,0.0,0.0,28.538368,21.449018,20.880001,3.9
7179,-33.817272,150.962784,252697-webtirf,0.13,CRASH,Unplanned,2025-10-15 14:00:00,2.4810933333333334,1,1,State road,-1.0,Reduce your speed,Prepare to merge,0,,Southbound,29.5,0.0,0.0,0.0,30.13218,17.198856,20.519999,2.05
7179,-33.817272,150.962784,252697-webtirf,0.13,CRASH,Unplanned,2025-10-15 15:00:00,2.4810933333333334,2,1,State road,-1.0,Reduce your speed,Prepare to merge,0,,Southbound,29.85,0.0,0.0,0.0,29.355122,16.439548,19.8,1.7
68025,-33.816696,150.976623,252597-webtirf,0.272,CHANGED TRAFFIC CONDITIONS,Unplanned,2025-10-14 21:00:00,0.6395855555555555,0,0,State road,40.0,Reduced speed limit, ,0,,Westbound,21.2,0.0,0.0,0.0,20.29686,42.206585,6.4799995,7.85
68025,-33.816696,150.976623,253099-webtirf,0.316,CRASH,Unplanned,2025-10-19 06:00:00,1.7441919444444445,0,1,State road,-1.0,Exercise caution,Expect delays,0,Heavy,Westbound,15.65,0.0,0.0,0.0,15.800316,80.209175,7.92,12.25
68025,-33.816696,150.976623,253099-webtirf,0.316,CRASH,Unplanned,2025-10-19 07:00:00,1.7441919444444445,1,1,State road,-1.0,Exercise caution,Expect delays,0,Heavy,Westbound,15.75,0.0,0.0,1.0,15.83935,79.69758,7.92,12.25
50240,-33.796436,150.987595,252963-webtirf,0.466,BREAKDOWN,Unplanned,2025-10-17 09:00:00,0.5,0,0,State road,-1.0,Exercise caution,Prepare to merge,0,,Westbound,26.6,0.0,0.0,1.0,25.01748,45.30662,43.56,13.8
68025,-33.816696,150.976623,253084-webtirf,0.376,CRASH,Unplanned,2025-10-19 02:00:00,2.2142772222222225,0,1,State road,40.0,Reduced speed limit,Prepare to merge,0,Moderate,Westbound,17.3,0.0,0.0,2.0,17.348747,67.16008,11.159999,11.15
68025,-33.816696,150.976623,253084-webtirf,0.376,CRASH,Unplanned,2025-10-19 03:00:00,2.2142772222222225,1,1,State road,40.0,Reduced speed limit,Prepare to merge,0,Moderate,Westbound,16.8,0.0,0.0,1.0,17.416895,74.052704,5.04,12.15
68025,-33.816696,150.976623,253084-webtirf,0.376,CRASH,Unplanned,2025-10-19 04:00:00,2.2142772222222225,2,1,State road,40.0,Reduced speed limit,Prepare to merge,0,Moderate,Westbound,16.25,0.0,0.0,0.0,16.636166,73.95742,1.4399999,11.6
7179,-33.817272,150.962784,253734-webtirf,0.152,BREAKDOWN,Unplanned,2025-10-25 03:00:00,0.5,0,0,State road,-1.0,Reduce your speed,Exercise caution,0,,Westbound,15.6,0.0,0.0,3.0,15.560541,73.844185,7.92,10.95
50240,-33.796436,150.987595,253799-webtirf,0.438,BREAKDOWN,Unplanned,2025-10-26 07:00:00,0.5,0,0,State road,-1.0,Exercise caution,Prepare to merge,0,,Northbound,16.6,0.0,0.0,3.0,14.763472,56.440395,18.359999,7.9
7179,-33.817272,150.962784,254347-webtirf,0.057,BREAKDOWN,Unplanned,2025-10-31 03:00:00,1.3022550000000002,0,0,State road,-1.0,Reduce your speed,Prepare to merge,0,,Northbound,14.45,0.0,0.0,3.0,15.196552,96.189,7.92,13.85
7179,-33.817272,150.962784,254347-webtirf,0.057,BREAKDOWN,Unplanned,2025-10-31 04:00:00,1.3022550000000002,1,0,State road,-1.0,Reduce your speed,Prepare to merge,0,,Northbound,14.1,0.0,0.0,3.0,14.585207,96.49223,10.440001,13.55
50240,-33.796436,150.987595,253176-webtirf,0.403,BREAKDOWN,Unplanned,2025-10-20 03:00:00,1.1383266666666665,0,0,State road,-1.0,Exercise caution,Prepare to merge,0,,Southbound,17.5,0.0,0.0,3.0,17.461342,77.89206,18.359999,13.6
50240,-33.796436,150.987595,253176-webtirf,0.403,BREAKDOWN,Unplanned,2025-10-20 04:00:00,1.1383266666666665,1,0,State road,-1.0,Exercise caution,Prepare to merge,0,,Southbound,17.45,0.0,0.0,1.0,17.760382,78.13826,15.4800005,13.6
7179,-33.817272,150.962784,251254-webtirf,0.422,CRASH,Unplanned,2025-10-01 06:00:00,0.6823108333333333,0,1,State road,-1.0,Reduce your speed,Prepare to merge,0,,Eastbound,17.9,0.0,0.0,2.0,15.572634,48.22295,24.84,6.8
50240,-33.796436,150.987595,251582-webtirf,0.216,BREAKDOWN,Unplanned,2025-10-04 04:00:00,2.0577311111111114,0,0,State road,-1.0,Reduce your speed,Exercise caution,0,,Westbound,13.1,0.0,0.0,0.0,10.27764,61.650414,21.599998,5.9
50240,-33.796436,150.987595,251582-webtirf,0.216,BREAKDOWN,Unplanned,2025-10-04 05:00:00,2.0577311111111114,1,0,State road,-1.0,Reduce your speed,Exercise caution,0,,Westbound,12.35,0.0,0.0,0.0,9.930098,64.75377,23.759998,5.9
50240,-33.796436,150.987595,251582-webtirf,0.216,BREAKDOWN,Unplanned,2025-10-04 06:00:00,2.0577311111111114,2,0,State road,-1.0,Reduce your speed,Exercise caution,0,,Westbound,12.35,0.0,0.0,0.0,9.9422245,64.75377,18.0,5.9
50240,-33.796436,150.987595,252780.0-webtirf,0.073,BREAKDOWN,Unplanned,2025-10-16 04:00:00,0.5,0,0,State road,-1.0,Reduce your speed,Prepare to merge,0,,Eastbound,15.25,0.0,0.0,0.0,16.27378,91.95294,2.8799999,13.95
7179,-33.817272,150.962784,253084-webtirf,0.709,CRASH,Unplanned,2025-10-19 02:00:00,0.5,0,1,State road,40.0,Reduced speed limit,Exercise caution,0,,Westbound,17.3,0.0,0.0,2.0,17.348747,67.16008,11.159999,11.15
7164,-33.81562,150.969238,253084-webtirf,0.272,CRASH,Unplanned,2025-10-19 02:00:00,0.5,0,1,State road,40.0,Reduced speed limit,Prepare to merge,0,Moderate,Westbound,17.3,0.0,0.0,2.0,17.348747,67.16008,11.159999,11.15
7164,-33.81562,150.969238,253084-webtirf,0.272,CRASH,Unplanned,2025-10-19 03:00:00,1.0003516666666668,1,1,State road,40.0,Reduced speed limit,Prepare to merge,0,Moderate,Westbound,16.8,0.0,0.0,1.0,17.416895,74.052704,5.04,12.15
7179,-33.817272,150.962784,257591-webtirf,0.434,CHANGED TRAFFIC CONDITIONS,Unplanned,2025-11-29 06:00:00,0.5,0,0,State road,40.0,Reduced speed limit, ,0,,Eastbound,20.7,0.0,0.0,2.0,21.959452,77.62369,13.679999,16.65
7119-PR,-33.817974,150.981827,255047-webtirf,0.012,CRASH,Unplanned,2025-11-07 06:00:00,1.1009872222222223,0,1,State road,-1.0,Reduce your speed,Exercise caution,0,,Westbound,15.7,0.0,0.0,3.0,16.370983,88.1863,7.5599995,13.75
7119-PR,-33.817974,150.981827,255047-webtirf,0.012,CRASH,Unplanned,2025-11-07 07:00:00,1.1009872222222223,1,1,State road,-1.0,Reduce your speed,Exercise caution,0,,Westbound,16.8,0.0,0.0,3.0,17.686066,83.56211,7.5599995,14.0
7179,-33.817272,150.962784,255844-webtirf,0.073,HAZARD,Unplanned,2025-11-15 22:00:00,0.5,0,1,State road,-1.0,Reduce your speed,Prepare to merge,0,,Northbound,23.95,0.0,0.0,1.0,24.34256,60.533424,34.92,15.85
68025,-33.816696,150.976623,254425-webtirf,0.347,CRASH,Unplanned,2025-10-31 19:00:00,1.2324980555555556,0,1,State road,-1.0,Expect delays,Exercise caution,0,Heavy,Eastbound,19.9,1.3,1.3,61.0,20.833885,77.751045,17.28,15.9
68025,-33.816696,150.976623,254425-webtirf,0.347,CRASH,Unplanned,2025-10-31 20:00:00,1.2324980555555556,1,1,State road,-1.0,Expect delays,Exercise caution,0,Heavy,Eastbound,19.0,0.6,0.6,53.0,20.746489,85.1597,12.599999,16.45
50240,-33.796436,150.987595,255779-webtirf,0.674,CRASH,Unplanned,2025-11-14 20:00:00,0.5314375,0,1,State road,-1.0,Reduce your speed,Prepare to merge,0,Moderate,Southbound,19.7,0.0,0.0,1.0,19.161325,69.43486,33.12,13.95
7179,-33.817272,150.962784,257578-webtirf,0.137,GRASS FIRE,Unplanned,2025-11-29 04:00:00,0.5,0,1,State road,-1.0,Exercise caution, ,0,,Westbound,20.65,0.0,0.0,3.0,21.790955,77.86312,20.519999,16.65
7179,-33.817272,150.962784,256633-webtirf,0.202,CRASH,Unplanned,2025-11-23 04:00:00,0.5,0,1,State road,-1.0,Exercise caution, ,0,,Southbound,18.65,0.0,0.0,3.0,21.01344,96.91506,10.08,18.15
68025,-33.816696,150.976623,256244-webtirf,0.368,HAZARD,Unplanned,2025-11-19 19:00:00,1.1832869444444445,0,1,State road,40.0,Reduced speed limit,Exercise caution,0,Heavy,Westbound,25.95,0.0,0.0,0.0,24.282656,40.09364,43.92,11.35
68025,-33.816696,150.976623,256244-webtirf,0.368,HAZARD,Unplanned,2025-11-19 20:00:00,1.1832869444444445,1,1,State road,40.0,Reduced speed limit,Exercise caution,0,Heavy,Westbound,24.65,0.0,0.0,0.0,25.196203,50.53579,31.68,13.7
68025,-33.816696,150.976623,254427-webtirf,0.29,CRASH,Unplanned,2025-10-31 20:00:00,0.7058888888888888,0,1,State road,-1.0,Expect delays,Exercise caution,0,Heavy,Westbound,19.0,0.6,0.6,53.0,20.746489,85.1597,12.599999,16.45
50240,-33.796436,150.987595,255570.0-webtirf,0.094,BREAKDOWN,Unplanned,2025-11-13 03:00:00,0.5,0,0,State road,-1.0,Reduce your speed,Exercise caution,0,,Northbound,12.0,0.0,0.0,0.0,9.983842,67.41536,13.679999,6.15
7179,-33.817272,150.962784,256652-webtirf,0.193,BREAKDOWN,Unplanned,2025-11-23 11:00:00,0.5,0,0,State road,-1.0,Exercise caution,Prepare to merge,0,,Eastbound,24.35,0.0,0.0,1.0,25.82316,65.62654,25.919998,17.5
68025,-33.816696,150.976623,255199-webtirf,0.377,CRASH,Unplanned,2025-11-09 21:00:00,0.7322505555555555,0,1,State road,40.0,Reduced speed limit,Check signage,0,,Westbound,16.3,0.0,0.0,1.0,15.61264,65.18275,21.96,9.75
50240,-33.796436,150.987595,256019-webtirf,0.411,BREAKDOWN,Unplanned,2025-11-17 19:00:00,0.5,0,0,State road,-1.0,Exercise caution, ,0,,Northbound,21.6,0.0,0.0,2.0,16.769356,27.106094,47.16,1.85
7119-PR,-33.817974,150.981827,256823-webtirf,0.113,BREAKDOWN,Unplanned,2025-11-24 22:00:00,0.9820027777777778,0,0,State road,-1.0,Reduce your speed,Exercise caution,0,,Westbound,17.7,0.0,0.0,3.0,18.676702,82.59488,10.799999,14.7
7179,-33.817272,150.962784,255691-webtirf,0.191,BREAKDOWN,Unplanned,2025-11-14 00:00:00,0.5,0,0,State road,40.0,Check signage,Reduced speed limit,0,,Eastbound,20.65,0.0,0.0,3.0,18.572327,34.772427,10.08,4.55
50240,-33.796436,150.987595,255570-webtirf,0.094,BREAKDOWN,Unplanned,2025-11-13 03:00:00,0.5,0,0,State road,-1.0,Reduce your speed,Exercise caution,0,,Northbound,12.0,0.0,0.0,0.0,9.983842,67.41536,13.679999,6.15
7119-PR,-33.817974,150.981827,258628-webtirf,0.01,BREAKDOWN,Unplanned,2025-12-09 06:00:00,1.5469697222222225,0,0,State road,-1.0,Exercise caution,Prepare to merge,0,,Westbound,18.3,0.0,0.0,0.0,20.325237,92.4248,6.4799995,17.05
7119-PR,-33.817974,150.981827,258628-webtirf,0.01,BREAKDOWN,Unplanned,2025-12-09 07:00:00,1.5469697222222225,1,0,State road,-1.0,Exercise caution,Prepare to merge,0,,Westbound,19.75,0.0,0.0,0.0,21.725359,83.6341,10.799999,16.9
7179,-33.817272,150.962784,259184-webtirf,0.091,CRASH,Unplanned,2025-12-13 15:00:00,0.5,0,1,State road,-1.0,Exercise caution, ,0,,Northbound,27.05,0.0,0.0,3.0,31.072693,62.592293,30.239998,19.3
7179,-33.817272,150.962784,259339-webtirf,0.153,CHANGED TRAFFIC CONDITIONS,Unplanned,2025-12-15 21:00:00,0.5,0,0,State road,40.0,Reduced speed limit,Exercise caution,0,,Eastbound,18.45,0.0,0.0,3.0,18.306023,75.79617,25.56,14.1
50240,-33.796436,150.987595,257686-webtirf,0.216,BREAKDOWN,Unplanned,2025-11-30 19:00:00,1.4241316666666666,0,0,State road,-1.0,Exercise caution, ,0,Heavy,Eastbound,23.4,0.0,0.0,0.0,18.003582,19.345875,52.56,-1.3
50240,-33.796436,150.987595,257686-webtirf,0.216,BREAKDOWN,Unplanned,2025-11-30 20:00:00,1.4241316666666666,1,0,State road,-1.0,Exercise caution, ,0,Heavy,Eastbound,21.65,0.0,0.0,0.0,16.983183,23.826622,49.32,0.1
50240,-33.796436,150.987595,258140-webtirf,0.561,CRASH,Unplanned,2025-12-04 08:00:00,1.8426858333333327,0,1,State road,-1.0,Exercise caution,Prepare to merge,0,,Northbound,20.55,0.0,0.0,0.0,20.719421,59.93347,15.119999,12.5
50240,-33.796436,150.987595,258140-webtirf,0.561,CRASH,Unplanned,2025-12-04 09:00:00,1.8426858333333327,1,1,State road,-1.0,Exercise caution,Prepare to merge,0,,Northbound,24.15,0.0,0.0,0.0,24.18467,46.591316,17.28,12.0
7179,-33.817272,150.962784,259414-webtirf,0.357,CRASH,Unplanned,2025-12-16 14:00:00,1.0324391666666666,0,1,State road,40.0,Reduced speed limit,Prepare to merge,0,,Westbound,21.45,0.0,0.0,3.0,21.045565,59.949947,25.56,13.35
7179,-33.817272,150.962784,259414-webtirf,0.357,CRASH,Unplanned,2025-12-16 15:00:00,1.0324391666666666,1,1,State road,40.0,Reduced speed limit,Prepare to merge,0,,Westbound,21.2,0.0,0.0,3.0,20.805893,61.27344,25.919998,13.45
7179,-33.817272,150.962784,258505-webtirf,0.268,BREAKDOWN,Unplanned,2025-12-08 04:00:00,0.5,0,0,State road,-1.0,Expect delays,Exercise caution,0,,Northbound,18.6,0.0,0.0,3.0,18.136421,65.89566,16.56,12.1
50240,-33.796436,150.987595,258513-webtirf,0.219,CRASH,Unplanned,2025-12-08 05:00:00,0.5,0,1,State road,-1.0,Reduce your speed,Exercise caution,0,,Westbound,17.55,0.0,0.0,3.0,18.344604,75.89689,19.8,13.25
7179,-33.817272,150.962784,260000-webtirf,0.406,BREAKDOWN,Unplanned,2025-12-21 23:00:00,0.5787591666666666,0,0,State road,-1.0,Reduce your speed,Exercise caution,0,,Westbound,28.95,0.7,0.7,53.0,29.781487,52.634563,29.88,18.3
7179,-33.817272,150.962784,258041-webtirf,0.102,BREAKDOWN,Unplanned,2025-12-03 13:00:00,0.6029836111111111,0,0,State road,-1.0,Exercise caution, ,0,,Westbound,27.0,0.0,0.0,0.0,28.147793,21.737474,21.96,3.3
7179,-33.817272,150.962784,258665-webtirf,0.695,CRASH,Unplanned,2025-12-09 21:00:00,0.5,0,1,State road,-1.0,Exercise caution,Reduce your speed,0,,Westbound,21.45,0.0,0.0,3.0,21.937065,76.75957,33.839996,17.2
7179,-33.817272,150.962784,258827-webtirf,0.079,CRASH,Unplanned,2025-12-11 01:00:00,1.1238044444444444,0,1,State road,-1.0,Exercise caution,Prepare to merge,0,,Northbound,20.7,0.0,0.0,3.0,21.837376,81.91539,27.72,17.5
7179,-33.817272,150.962784,258827-webtirf,0.079,CRASH,Unplanned,2025-12-11 02:00:00,1.1238044444444444,1,1,State road,-1.0,Exercise caution,Prepare to merge,0,,Northbound,20.25,0.0,0.0,3.0,21.216526,79.30314,23.759998,16.55
68025,-33.816696,150.976623,259379-webtirf,0.153,HAZARD,Unplanned,2025-12-16 04:00:00,0.5,0,1,State road,-1.0,Exercise caution,Prepare to merge,0,,Eastbound,16.85,0.0,0.0,3.0,17.394365,84.657295,17.28,14.25
7179,-33.817272,150.962784,260157-webtirf,0.038,BREAKDOWN,Unplanned,2025-12-23 06:00:00,0.7635766666666667,0,0,State road,-1.0,Exercise caution, ,0,,Northbound,21.5,0.0,0.0,3.0,24.332907,82.014725,6.4799995,18.3
50240,-33.796436,150.987595,259509-webtirf,0.521,CRASH,Unplanned,2025-12-17 06:00:00,0.5,0,1,State road,-1.0,Reduce your speed,Prepare to merge,0,,Westbound,16.85,0.0,0.0,2.0,18.246496,91.45993,5.3999996,15.45
7119-PR,-33.817974,150.981827,260021-webtirf,0.038,BREAKDOWN,Unplanned,2025-12-22 01:00:00,0.5,0,0,State road,-1.0,Exercise caution, ,0,,Eastbound,29.15,0.0,0.0,3.0,29.773613,55.72909,45.36,19.4
7179,-33.817272,150.962784,259224-webtirf,0.047,CRASH,Unplanned,2025-12-14 12:00:00,0.5,0,1,State road,-1.0,Reduce your speed,Exercise caution,0,,Northbound,26.8,0.0,0.0,3.0,32.12741,62.732418,21.599998,19.1
7179,-33.817272,150.962784,260000.0-webtirf,0.406,BREAKDOWN,Unplanned,2025-12-21 23:00:00,0.5,0,0,State road,-1.0,Reduce your speed,Exercise caution,0,,Westbound,28.95,0.7,0.7,53.0,29.781487,52.634563,29.88,18.3
50240,-33.796436,150.987595,260332-webtirf,0.473,CRASH,Unplanned,2025-12-26 10:00:00,0.5650041666666666,0,1,State road,-1.0,Exercise caution,Prepare to merge,0,,Eastbound,15.0,0.1,0.1,51.0,12.597893,60.425014,34.92,7.4
7179,-33.817272,150.962784,259383-webtirf,0.1,BREAKDOWN,Unplanned,2025-12-16 05:00:00,0.5,0,0,State road,-1.0,Reduce your speed,Prepare to merge,0,Heavy,Northbound,17.0,0.0,0.0,3.0,17.619623,83.856224,11.879999,14.25
7179,-33.817272,150.962784,259780.0-webtirf,0.163,BREAKDOWN,Unplanned,2025-12-19 17:00:00,0.5,0,0,State road,80.0,Reduced speed limit, ,0,,Westbound,34.9,0.0,0.0,3.0,34.38959,29.30969,46.44,14.4
50240,-33.796436,150.987595,258140.0-webtirf,0.561,CRASH,Unplanned,2025-12-04 08:00:00,0.5,0,1,State road,-1.0,Exercise caution,Prepare to merge,0,,Northbound,20.55,0.0,0.0,0.0,20.719421,59.93347,15.119999,12.5
50240,-33.796436,150.987595,258140.0-webtirf,0.561,CRASH,Unplanned,2025-12-04 09:00:00,1.8426858333333327,1,1,State road,-1.0,Exercise caution,Prepare to merge,0,,Northbound,24.15,0.0,0.0,0.0,24.18467,46.591316,17.28,12.0
50240,-33.796436,150.987595,259505-webtirf,0.01,BREAKDOWN,Unplanned,2025-12-17 06:00:00,0.691315,0,0,State road,-1.0, , ,0,,Westbound,16.85,0.0,0.0,2.0,18.246496,91.45993,5.3999996,15.45
7179,-33.817272,150.962784,260470.0-webtirf,0.101,BREAKDOWN,Unplanned,2025-12-29 08:00:00,0.5,0,0,State road,-1.0,Reduce your speed,Exercise caution,0,,Southbound,16.65,0.0,0.0,1.0,15.73538,63.53439,17.64,9.7
7179,-33.817272,150.962784,258032-webtirf,0.194,BREAKDOWN,Unplanned,2025-12-03 11:00:00,0.5,0,0,State road,-1.0,Exercise caution,Prepare to merge,0,,Eastbound,22.95,0.0,0.0,0.0,23.414587,32.61861,22.68,5.65
7179,-33.817272,150.962784,259780-webtirf,0.163,BREAKDOWN,Unplanned,2025-12-19 17:00:00,0.5,0,0,State road,80.0,Reduced speed limit, ,0,,Westbound,34.9,0.0,0.0,3.0,34.38959,29.30969,46.44,14.4
7179,-33.817272,150.962784,260470-webtirf,0.101,BREAKDOWN,Unplanned,2025-12-29 08:00:00,0.5,0,0,State road,-1.0,Reduce your speed,Exercise caution,0,,Southbound,16.65,0.0,0.0,1.0,15.73538,63.53439,17.64,9.7
50240,-33.796436,150.987595,258248-webtirf,0.51,BREAKDOWN,Unplanned,2025-12-05 03:00:00,0.5,0,0,State road,-1.0,Exercise caution, ,0,Heavy,Eastbound,19.75,0.0,0.0,0.0,18.544573,46.470898,13.679999,7.95
68025,-33.816696,150.976623,260048-webtirf,0.314,BREAKDOWN,Unplanned,2025-12-22 06:00:00,0.5,0,0,State road,40.0,Reduced speed limit,Exercise caution,0,,Westbound,25.65,0.2,0.2,51.0,28.161499,68.62179,30.599998,19.45
68025,-33.816696,150.976623,258489-webtirf,0.218,CRASH,Unplanned,2025-12-08 03:00:00,0.6139983333333333,0,1,State road,-1.0,Reduce your speed,Exercise caution,0,,Eastbound,18.45,0.0,0.0,3.0,18.379604,67.39794,12.599999,12.3
68025,-33.816696,150.976623,259325-webtirf,0.106,BREAKDOWN,Unplanned,2025-12-15 19:00:00,0.5,0,0,State road,40.0,Reduced speed limit,Exercise caution,0,,Westbound,19.35,0.1,0.1,51.0,18.407034,71.65475,38.88,14.1
7179,-33.817272,150.962784,258284-webtirf,0.115,HAZARD,Unplanned,2025-12-05 09:00:00,0.5,0,1,State road,-1.0,Reduce your speed,Exercise caution,0,,Southbound,26.5,0.0,0.0,0.0,24.89072,28.561617,19.44,6.8
68025,-33.816696,150.976623,259473-webtirf,0.455,BREAKDOWN,Unplanned,2025-12-17 02:00:00,0.5,0,0,State road,60.0,Reduced speed limit,Exercise caution,0,,Westbound,18.1,0.0,0.0,3.0,19.898748,84.25088,1.8,15.4
7119-PR,-33.817974,150.981827,258489-webtirf,0.117,CRASH,Unplanned,2025-12-08 03:00:00,0.5,0,1,State road,-1.0,Expect delays,Exercise caution,0,,Eastbound,18.45,0.0,0.0,3.0,18.379604,67.39794,12.599999,12.3
